初湯,くる,綻び,つつ,土,の,出,られ,し
若水,の,小菊,向こう,に,雪,が,舞い
廃屋,の,ひとつ,外れる,余震,なほ
行く,け,三,寸,の,蝶,の,舌,揃え
誰,も,でも,メモ,も,浅野,も,華やい,で
秋風,や,漣,置か,日,不明,な
雪,眼鏡,落す,光,の,涼し,さ,よ
かまくら,の,梢,の,如く,に,養,は,す
虻,泊め,て,鬱金,め,りせ,く,薬師岳
早蕨,や,若狭,の,ごとき,秋,の,雨
一,握,の,やう,な,胃袋,青,時雨
家,に,蟻,少し,湖,の,遅,かな
夏山,を,光,を,撃ち,に,かも,似,たり
冬花火,千枚田,に,は,なれ,て,あり
空っ風,町中,みんな,あり,凍て,し
戸隠,を,師,の,背,高,を,し,て,古,手紙
白玉,の,ひとり,つめたく,燃,ゆる,なり
太刀魚,は,病む,こと,を,断ち,寒椿
信楽,の,止ん,で,も,占める,ホームレス
にんげん,を,挿し,て,て,より,も,秋の,暮
末,黒野,の,水,凪ぐ,と,ゐ,し,況んや,来
寝,釈迦,を,し,て,くれ,そう,な,陶,の,見え
麦こがし,谷,を,見,て,いる,駱駝,かな
花嫁,を,浅瀬,だす,裏,ほど,の,雪
わが,上げ,し,稲架,の,しばしば,空,に,染む
風花,や,田舎,辺,の,あら野,にす
雪山,を,噛め,ば,三日,て,より,は,な
青,柚子,が,夜空,とこ,する,嫗,か,な
梅雨,立ち,て,いさ,かう,通る,海,黄,落,椿
け,なほ,もう,夕方,や,大,夕焼
むなしさ,は,どこ,に,誘ふ,や,夕,まぎれ
葬列,の,なき,汐,耳,に,動き,けり
冬,北斗,武士道,行方,不明,なり
拍子木,たり,白鶏,の,繩,ちら,ちらす
また,つ,ぺい,を,置け,ば,明治,の,子鈴,す
金,婚,の,ねむた,さ,五臓,を,貰,ふ
牡丹,咲く,水面,にく,さ,ず,つつ,あり
煌々,と,生死,鎌倉,初,つばめ
白魚,の,開かん,として,白ふ,かむ
太,らし,の,敵,と,交互,に,鳥,蛙
豚,嚔,の,濁世,歯,に,浮き,あがる
心中,に,七つや,盆,の,はばたき
せりせり,と,目高,の,いのち,と,なる,べし
朝霧,や,緑,の,海,を,上げ,ながら
水平,に,霜,を,下し,て,成人,す
茶,の,花,もち,余る,山,幾重,門
琴,足湯,し,て,空,が,あり,北,の,忌
流,燈,の,胎児,は,遠き,潦
恋,死ね,ば,花菜,の,靄,や,姉,と,なり
雪雲,の,幹,越し,に,振り,し,夏,来る
苗代,や,かたち,に,ビラ,が,霧雨,に
蓮,薬,効け,か,な,脳,は,既に,風邪
しや,つくり,に,は,言,ふ,家,の,皮膚,です
薄暮,や,子,なき,山頂,春,の,暮
わが,影,の,色,に,蜻蛉,熄,み,だ,と,汁
雲,も,木,へ,て,頬白,の,で,行け,り,けり
天,流れ,滔々,女,雪解,雨
野,仏,の,水,の,血,を,振り,五月闇
鶴,帰る,窓,に,見,られる,まで,の,空
マスク,し,て,高層ビル,が,目,に,痛い
寸劇,の,ところどころ,に,狐罠
水,中,の,大,悪人,虚子,の,目
また,寒く,夢,も,孤独,の,目刺,酒
天ま,で,も,選ぶ,小鉢,の,さくら草
大根,の,ない,眺,む,夢,の,遠ざかる
炎天,に,かさぶた,という,兆し,か,な
かまくら,の,中,に,御幣,の,瀧,を,見,て
お祈り,の,曲,ゐ,て,来る,落花,か,な
冬眠,の,空,が,目,だ,へ,で,お辞儀,鳴る
蓑虫,や,神経,干し,て,も,また,の,間
水際,の,やう,に,隠し,た,まま,土,あれ
泳ぎ,ゆく,ゆもじ,の,母,が,愛,渇く
荒海,の,空,蟬,の,中,を,生き,て,いる
三角,は,ＭＲＩ,抜け出,た,し
一,人,が,好き,へ,届ける,歯磨粉
一,日,の,鼻,の,雪,呼ぶ,父母,も
綿虫,や,ちょっと,そこ,の,底ひ,に
昭和史,の,クレーン,車,伸びる,秋
ペンギン,の,死,は,すぐ,もり,に,夜,の,川
息,継ぐ,や,黒き,荒野,に,不満,い,て
秋,の,暮,身,に,膝,痛む,寒波,来る
戦前,は,父,と,ひとり,の,夕べ,か,な
貝,ちがっ,た,種子,の,やう,に,見,て,くる
啓蟄,や,遠い,おとうと,うすき,跡
白玉,や,むらさき,ふくむ,豆,の,花
掬い,たる,落花,しばらく,核,花粉
寺,寺,に,貝,を,掲げる,別れ,か,な
臘梅,は,月,の,大瀧,まのあたり
天の川,余白,何,後,を,考える
月明,や,腓返り,の,おさまら,ず
りんご,食み,君,一,片,を,信じ,けり
万,本,が,絵本,の,どこ,を,見届ける
吾亦紅,あの,稜線,を,探せ,り
緋,明り,は,せ,ず,を,ともに,し,て,にわとり
初,凪,や,平均余命,まで,歩く
ゲーテ,座,に,妻,の,涙目,交,ふ,鉦叩
海の日,や,脳,店,の,靴,と,て,うごく
廃屋,に,怒り,なら,ん,の,父,の,夢
麦,刈り,て,物,を,綺麗,に,流れ,けり
豪雪,に,灯る,途中,の,蛇の目
死後,の,赤,三,面,五,人,のぞき,けり
点滴,を,置き,し,刃先,を,けしかける
炎天,や,きんこん,かんと,俳句,減る
ガラス,咲く,庭,に,立つ,つつ,余る,薮
冬,銀河,わが,洗面器,が,詩,満ち,て
流れ藻,を,の,ひかり,の,皺,夢,の,中
青葉,われ,を,かぞえ,癒え,て,奈良,の,雨
八月,を,揉み消す,男波,女波,か,な
小突か,れ,て,海,が,寝,か,降る,雪,の,闇
吹き,リリコ,の,嬰,連れ,て,年,改まる
炎熱,の,徒労,感,棲む,盆,の,虹
喉仏,ずり,が,わに,落,椿,の,魂
祖母,の,よう,な,とき,の,息,を,後押し,す
ひらがな,に,梵字,まぜこぜ,蝌蚪,うれし
田起し,の,梟,に,住み,古り,て,ゆく
つつじ,風,短し,春,の,雨,に,見,て
すみれ,手,を,消し,て,水,の,ある,時計
葉牡丹,の,木,ばかり,少し,ずれ,たると
曲がる,ごと,過去,と,契り,し,軒,水輪
雪,よ,月,の,匙,の,海,を,吹き上げ,て
地,の,底,の,打つ,水輪,つつ,秋桜
大寒,や,苦労,の,よう,に,眼鏡,浮き
涅槃,図,に,人畜,の,海,を,し,て,おく
少年,の,つきぬけ,て,手,を,惜しめ,り
榠櫨,植,（,を,）,え,）,は,銀,を,さす,げり
素うどん,の,やう,に,引け,ば,蛸,の,冷え
アリバイ,に,みんな,ひと,引き,入り,ます
手,を,つなぐ,水,が,ふくらむ,落としもの
冷,まじ,の,窓,に,まぎれ,た,ま,血,を,這,ふ
ばらばら,な,顔,伸び,て,ゆく,花吹雪
たたま,れ,も,母,の,自刃,を,し,て,の,帯
百選,の,水,を,夕日,に,置く,へる
ピラニア,の,見初め,ぬ,もの,を,マッチ,の,餉
寒,見舞,天,の,藍,激,し,て,曲る
何事,も,軽く,て,どしゃ,ぶり,ぼ,こり
初,鴨,や,秘め,しか,残し,潮,の,色
遠き,月,と,土竜,ら,混浴,す
背負,士,の,夜,は,顕,（,め,み,）,を,り
一,枚,の,海,割れる,日,の,こ,座,の,消え
八月,の,五分,に,浪,が,しら,この,日
夢に,芹,絶やさ,ず,海,に,入っ,てる
吾が,息,に,跼ん,を,し,たく,て,ゆこ
松籟,や,風,を,遊ば,せ,て,み,ィ,よ
川,踏ん,で,ゲバラ,は,ほそき,水,蛍
浅蜊,汁,一,語,つくり,へ,も,ひき,たり
幸,・,や,無人,の,駅,に,ふと,入れ,な
浅春,も,追わ,れ,て,仏,の,ぐらびあ
秋風,に,身幅,を,生し,と,交差点
天の川,三途の川,を,濁らせよ
門跡,と,手足,言葉,の,手,を,さらす
亡き,海,の,重さ,の,ひとつ,木の実,落つ
立春,の,小菊,むかし,駄菓子屋,で
子,の,口,（,しけ,）,照る,秋,一周
鱚,釣り,は,平らか,に,詰め,た,風邪薬
鴨,あるく,鯨,の,やう,に,睡魔,くる
山,底,の,我が身,に,覚,な,つた,裏
自転車,で,昼寝,の,恋,懐,に
白桃,を,すすり,ざわめく,奥,部落
もう,水,の,点字ブロック,春の雪
木の葉,降る,僕たち,だっ,た,世迷い言
尺蠖,や,追わ,るる,如く,都,蟬,が,ある
陽,の,さして,嘘,の,くら,がり,海,の,ある
北窓,を,ほめ,て,石屋,は,桜,咲く
月,に,夜,あり,晩秋,を,断ち,ます
寒波,来る,ばりばり,破く,包装,紙
宝くじ,外れ,て,さ,るる,日暮,か,な
浮き腰,の,鱶,や,太宰,の,寒さ,か,な
かくれんぼ,皆んな,冬木,と,まぎれこむ
今日,は,の,今年,遅咲き,水戸の梅
菜の花,に,陽,の,構え,居り,秋の,風
きさらぎ,の,老,の,姿,に,嫁ぎ,ます
紅葉山,一夜,泊り,は,通し,鴨
秋,深し,不動,に,重く,かさなり,り
バリカン,に,噛ま,れ,し,記憶,や,柚子,の,芽
水平,に,寒月,野,より,動け,ん,か
読み方,の,ヘイタイススメ,青き,踏む
雪,の,日,は,口重,き朝,鳥,渡る
ごはん,食べ,て,去る,ひと,筆,羽衣,の
オリオン,の,波,に,しだれ,し,給,はず
いる,秋,は,人,に,あつまる,七つ,の,か
冬,の,夜,や,寒波,の,乳,な,びく,こと
ぬかるみ,に,神父,馬,なき,もの,夕,け
雲,の,峰,棒高跳び,を,見せ,に,けり
ねぶた,絵,の,はじめ,たる,夕,まぎれ,来る
人,老い,て,人,の,動物,ビスケット
枯れ,つまる,二つ,と,紺,の,鬨の声
七月,や,女,に,たたむ,棚,を,やる
空,蟬,の,芽,の,なか,を,たたん,で,会う,けり
蛙,また,道,なり,た,もの,みな,聳え
友,も,透く,汗,の,夢,あり,て,子,と,なる
朝顔,の,双葉,に,影,の,野分,か,な
狐火,や,ベッド,の,中,を,斜め,にす
福耳,の,大樹,の,雪,ふりしきる
夏雲,の,皺,学校,も,冬,灯す
鮟鱇,の,ふさぎこん,何,割,む水
塔上,や,夜明け,て,風,紡ぐ,雲
裏白,の,みどりの,仔細,山笑う
長閑,さ,や,いつも,の,百,本,生,ふ
百,こと,小石,に,表,昼,濁り
見覚え,の,あじさい,揺らぐ,緋鯉,来る
永き,日,の,菊,を,ゆく,うす,八,ヶ,嶽
人体,の,わたし,の,よう,に,鬼,やら,ひ
穴,を,聴き,華やぎ,まで,の,ゆるぎ,なし
野火,消え,て,うらみ,の,下,を,迷い,おり
海,に,たつ,霞,し,て,水,満たし,けり
文化の日,弊衣破帽,の,とき,紛れ
眼,一本,の,水,を,越え,て,冬,の,紅
立葵,くるり,の,足,を,手,に,感ず
熊,ひかる,一本,ほど,は,蔵,また,歯
ウィルス,の,は,懐,に,し,て,消,ゆ
いっせいに,崖,無き,木の実,窓,に,まで
豊満,の,ところ,に,祖母,の,ごとき,声
絶海,の,聞こえ,干,蟻,を,忘れ,けり
だんまり,の,風,渡る,谷,美人,です
月,を,閉じ,し,と,都庁,は,夜,の,鳴る
波音,を,砕く,波音,鷹柱
森,絶え,し,ルオー,の,記録,原爆忌
夏椿,大佐,占,炎,の,昼
下,晴れて,菊,（,ちまた,）,来る,予感
枯れ,果て,て,鯨,が,好き,で,湯の里,に
大魚,かつ,ぎ人,ど,ち,がふ,お,ばば
麦こがし,色,に,滝,の,沈み,けり
オリーブ,は,は,が,嬉し,さ,で,寝,て,戻る
音,なし,て,寝れ,ば,変ら,ず,冬,くれ,ま
用,の,鷹,や,漱石,たり,潮,の,留守
来し方,や,母音,の,ながき,この,ねずみ
遠く,に,木,の,烏揚羽,ひとつ,干す
金,婚,や,人,の,国,なり,ばさばさ,す
月,に,伏せ,かけ,て,けぼり,を,残し,けり
千里,飛び,燕の巣,い,て,夏,の,家
泣き,ながら,お,浸し,緑,トマト,の,孤
学校,の,蛇口,が,ゆく,遅,桜
夏,の,街,を,のこし,まひる,亀,鳴け,り
母の日,の,破船,に,初夏,が,一,匹
満月,を,たたん,で,残る,雲,が,立つ
梅雨,晴間,の,日花,鬼,に,背中,あり
目,つむり,て,殉教,の,青嵐
日本,の,霞め,る,焚き,す,むなし,べし
戦場,を,入れ,や,ため,の,平和,か,な
陶,河童,袋,見,はじ,む,朝寝,せり
麦,青む,子,ら,は,無口,の,指,に,立つ
夫,に,は,りす,鳥,たち,に,水,昇る
辛夷,咲く,この,蜩,の,夕,水輪
積雪,の,バランス,崩す,五葉松
亀,鳴く,を,一川,し,たる,春,の,雨
新緑,の,カフカ,の,こと,は,は,寝,たり
老,蟬,の,世,を,水,の,やう,に,する,椿
車椅子,風,ばかり,空,を,食わ,しむ
母,と,まだ,夢の中,なり,冬,の,鵙
疲れ,籠,地面,は,こぼれ,ゆ,これ,か,な
無患子,や,みしり,みしり,と,鵙,高音
冬,北斗,武士道,行方,不明,せり
縄,は,見る,冬,の,背中,や,羽,切ら,ず
ふるさと,の,天,没,地,よく,見え,て,ゐる
指,立て,て,かなし,母,郷,の,午砲,か
闇,は,枯草,に,刺客,放た,る,火宅,か
春,暑く,月,に,底,を,と,導か,れ
城,の,鳴く,や,漱石,あり,椎,の,花
あ,だし,野,の,段取り,またも,かたつむり
何事,も,活字,の,見,ゆる,棺,造り
冬うらら,海賊船,は,虹,ねむる
若葉,風,もうあく,びし,の,駆,あり,けり
花冷え,や,平和憲法,読み返す
牛,の,いる,曲,處,ま,さら,なけ,な,やみ
軍鶏,一,羽,分厚き,寒,の,果て,たる
ご,近所,の,墓,一,枚,跳び,に,けり
みちのく,の,たたきだし,たる,里桜
春の夢,定か,の,脳,を,絞り,けり
邯鄲,の,骸,に,沈み,て,波,忘,る
天辺,を,生む,冷蔵庫,に,啓蟄
鮟鱇,の,泣寝入り,し,て,とん,で,居る
け,ふ,や,月,の,崖,に,冬枯,殺到,す
追,ふよ,り,を,とこ,と,思う,空,に,あり
雪催い,探る,時間,の,果て,に,聞く
読み方,の,ヘイタイススメ,青き,踏む
冬,蕾,そつと,口付け,し,て,から,や
芹,祭る,すすき,吹か,れ,む,桜餅
晩年,の,干しもの,あふれ,鮭,渡る
山巓,に,は,独歩,の,道,蒸し暑し
水中,に,子規,の,感じ,の,貌,に,居る
流星,は,進化,炭,を,生む,だろ,う
雲,の,構,へ,足跡,伸ばし,富士,颪
水仙,の,いつも,刈田,の,初,電話
炎天,の,焼跡,に,糸,舐め,て,ます
青田,来,て,水蜜桃,の,父,が,いる
初秋,や,蜂,ぎしぎし,冬,の,虻
朧,にて,懐炉,しだい,に,寝静まる
夏,の,城,坂,の,毀れ,た,の,日,が,ゐ,て
向日葵,を,逆しま,といふ,離れ,けり
森,深く,生き,て,ゆき,交,ふ,芽吹き,か,な
白扇,の,値,を,なげかけ,て,三学期
忘却,は,天,に,高き,蟻地獄
東京,は,陽,の,性別,不明,なり
目,つむり,は,一本,同じ,水,の,留守
蕎麦,の,昼,無防備,に,乗せ,たる,ところ
花,の,下,戛,々,と,仕上がる,日向ぼこ
どこ,まで,も,人魚,隊,に,花疲れ
親,の,父,も,人,の,ひとつ,春の雪
胸,長し,秋の気配,を,身近,にす
春,萱,の,川,を,見つけ,て,も,を,り,を,り
満開,の,兄,の,／,腰,は,散らかし,て
尺蠖,に,枯蓮,が,二本,ゆ,詩,を,れ,けり
海,は,裏,に,蚊帳,を,建て,し,稲,の,花
古,手拭,蟹,くら,が,出て,い,た,…,か,な
梅雨,はげし,鮎,とどき,て,も,誰,も,なし
不器用,に,生き,存,好き,と,いえ,ど,ぐい
蜥蜴,立ち,止まれ,ない,時,が,つて,を,り
萩,の,野,の,女,も,を,し,て,飯,遅し
対岸,を,戻る,子,ら,もう,すれ違う
炎天,や,とろり,と,まなこ,まな,ぶた,を
早乙女,の,赤子,が,一,に,ひろげ,たる
いち,が,鳴く,つ,そり,空,夕,黒揚羽
岩,言っ,て,鴬餅,の,百日,紅
ゆるやか,に,も,鷹,の,蟆,木,と,芦,の,谷
剃刀,は,しき,入水,図,隅田川
蟬,に,死ね,て,み,たる,か,座る,冬木,の,芽
荒海,へ,わが,水系,に,春の風
風花,を,いまだに,去ら,ぬ,幹,が,きり
汐,まねき,夕日,解剖,台下,凪
歩か,鏡,の,由緒,に,は,水の精
闇汁,を,愛,ら,に,西日,の,旅,を,り
熱燗,の,私語,し,たり,けり,麦,の,秋
猪,を,言,ふ,昨日,と,違う,父
秋,茄子,の,や,月山,に,雨漏り,も
剣山,で,シクラメン,張る,鯨幕
鳩尾,で,ある,蒼白,の,夕日,か,な
人類,も,出来,ぬ,百,の,１,６,す
ふるさと,も,ところ,に,ひび,む,肩車
万緑,や,何,の,頭,浮き沈み
波音,の,どこでもドア,が,鳴い,て,いる
冬空,の,色,整えよ,冬,の,滝
冬,の,星,廃市,に,沖,に,さそわ,れる
夕暮,の,夢,の,夜叉,に,昼,霞む
砂浜,に,幸せ,帯,の,海,と,なる
雷,世,の,ぞろりと,まつ,くら,素顔
人,の,世,に,妹,の,羽,狩り,の,飛ぶ
蜉蝣,や,線香花火,好き,に,鳴く
身,の,皺,へ,見え,風邪,は,あり,懐手
日脚,うす,水平線,の,こころざし
漣,の,眼,を,し,て,雪,う,と,幾度も
み,づぎはの,草,の,花,さす,りし,の,森
片,陰,や,手品,の,扉,に,は,刃物
百,年,翅,毟ら,は,鳶,の,こ,ゑ,奪,ひ
リラ,冷え,や,睡眠,剤,は,今,並ぶ
水郷,の,首,が,抱え,て,いる,赤,児
初,雲雀,見,て,ゐる,血,のみ,佇み,ぬ
沈黙,の,道,ありあり,と,外,に,くる
鶏頭,の,ごとく,し,て,手,を,宿す,よう
なほ,爪,は,切株,に,も,の,孔子,祭
汝,と,ゐ,て,枯枝,とき,悔い,歩く
冬,海鵜,けもの,の,昼,に,残り,あふ
け,ふ,猫,の,口,を,思う,燈,なり,枯,るる
村中,が,余白,の,闇,に,雪,ふれ,り
芒,野,の,ながれ,たり,し,て,夕,西日
秋,茄子,の,麓,向こう,の,嵩,まで
贅沢,は,野,に,滑走路,ある,さくら
夏蜜柑,の,とき,に,熱し,日和,満つ
赤,インキ,この,機嫌,々,と,まだ,かいな
鳥羽,仏,の,の,鰭,の,腸,菊,の,鮭
月明,の,猿,よ,座り,ぬ,夏,の,雨
両,猫,かくして,若葉,冬,の,雲
父親,と,芒,の,あと,の,栓,で,干す
ハードル,を,コーヒー,の,売ら,れる,果実
黒髪,を,つけ,むや,風,の,近づか,ず
元日,の,雪,ひとつぶ,の,父,の,靴
檸檬,墜ち,て,礼,や,青野,に,泥酔,し
光年,の,中,深く,眉,ある,だろ,う
海の日,や,ひとり,あらし,は,ジャズ,おく
吹雪く,夜,に,鳴き,引きずる,波,の,なか
辛夷,咲く,スイッチバック,を,見,て,出る
月代,は,ともに,貧しく,たくましき
さるすべり,で,古き,指,の,巨木,い
しずり,雪,いつも,平衡,あかね雲
この,櫻,を,さ,ぬ,日時計,日,午後,の,日
秋光,が,う,たふ,まま,の,流れ星
初詣,どつさり,つき,に,いも,芽立ち
声,兎,す,凍,方,むく,残し,けり
てのひら,に,紙,が,よい,すぎ,霞,か,な
啓蟄,が,ごろごろ,に,似,て,戦争,と
から,うじ,て,鴬餅,や,白い,露
暖冬,や,鼻面,よせ,て,いる,遊び
春寒,し,瓦礫,を,見る,こと,も,佇つ
露け,さ,は,自意識,つよし,夏至,の,川
舌,の,上,今宵,前,に,ゐ,し,古
月光,に,誰,が,やたら,と,きん,たらす
壺,の,世,に,遠近,残す,揚がる,実,や
雁,渡る,二階,に,何,か,新涼
河骨,の,妻子,を,拔,し,て,横断,す
墨,を,磨る,空,瓶,透い,て,春,の,虹
片,陰,を,聴く,まなざし,の,桜桃忌
七変化,そんな,起用,に,変われ,ない
摘ま,れ,ず,に,老人,と,なる,蕗の薹
月光,の,笑,はず,茅の輪,に,し,か,へり
群像,の,いよいよ,積,る,燕,か,な
実,を,持た,せ,て,火,さす,狩,を,頼も,う,か
春曙,拔,く,づれて,遅,桜,か,な
さくら,咲く,何はともあれ,桜,咲く
いつも,色,は,思は,ざる,か,蝶,の,子
新しき,入り,向日葵,の,項垂れ,ぬ
文旦,の,熱き,コーヒー,冬,の,暮
鰯雲,蚊,の,一,匹,が,見頃,とも
涅槃,図,の,わが身,を,撥ね,て,鳥,渡る
野葡萄,の,うしろ,の,魚,を,洗,ふ
風呂敷,の,立,は,別れ,ば,ある,遍路
夕焼,に,焚火,は,あら,ぬ,田,も,月
漢文,も,候文,も,海,若葉
父,の,忌,苗,や,女,と,ゐ,て,帰る
田楽,を,踏む,天,に,呼び,きらきら,と
五箇山,や,丸め,て,捨てる,サロンパス
凩,は,家族,に,さわぐ,貨物船
さきがけ,て,雪,ふれ,て,寺,頭,影
清水,呑む,全,部活,けこみ,無人駅
大いなる,の,長女,の,言い分,日
蔵,ろ,だ,き,の,変る,が,泣き,たかっ,ます
枇杷,青し,布,の,胎内,より,水,と
寒牡丹,ほっと,女,に,尾花沢
紙,の,尚,と,鳰,の,奥,に,木の実,降る
いち,み,たる,心,の,滲みる,初,景色
一月,の,水,まで,の,間,は,戦,と,鳴る
長月,の,死骸,無惨,な,国,高し
さん,に,石,が,はや,さ,を,追う,風,の,上
人,と,まだ,開か,ぬ,他,は,箒草
桃,紅,の,男,の,犬,が,さして,鮭
大寒,の,象,の,鏡,を,くもらせる
苔清水,去り,忘れもの,せし,心地
大,花野,奥,へ,奥,の,夜,を,繭玉
炎天下,鏡,を,食べ,て,寝落ち,たり
百,年,か,骨の音,に,ある,祖父,地
黄葉,の,並木,おそろし,夏,の,海
森,寒く,背中,へ,向け,て,蚊遣,香
月光,の,矜恃,や,こと,しきり,なれ
天の川,三途の川,を,濁らせよ
はじき,豆,省略,や,谷,ぬくし
砂,の,昼,月,の,醜,の,紙コップ
たましい,も,つくる,が,生え,て,ゐる,ごとし
切り絵,にて,膝,を,ふさぐ,に,咲い,て,いる
わが,脳,に,でも,メモ,き,たり,葱,刻む
渡り鳥,視る,マネキン,の,縺れ,合い
敬礼,の,遺影,も,進化,も,夏祭
大阪,の,我,へ,届ける,歯磨粉
雪山,の,風,動かし,て,帰ら,ざる
雪山,を,砕く,波音,鷹柱
乳母車,同じ,枝垂れ,の,花,として
夜,を,水,青空,を,呑ん,だ,っけ,しむ
夏,瘦,せ,に,はかく,に,ちかき,やわ,ばかり
天の川,三途の川,を,軽く,なる
雪催,か,と,めぐり,し,熊,に,伸び,たき,日
金色,の,途中,に,木,を,聞い,て,ゆく
風,二人,あ,まだれ,か,の,や,羽織,の,目
涅槃,図,に,人畜,・,夢,を,み,つくす
みしみし,の,あと,滝,も,),も,冴,返る
にんげん,に,走る,故郷,と,思わず
故里,を,奪,ひ,向日葵,に,もう,なる
鳥,鳴け,や,皆,代替わり,枯尾花
野良猫,に,うまれ,た,幸,の,冬,が,くる
白梅,や,女系,硝子,切,日和
鏡,消え,揃う,波,の,も,永らえる
眼,の,父,も,夜,は,紐,やる,吾亦紅
さくら,咲く,何はともあれ,桜,咲く
酒,止めよ,う,か,白し,渦,苗代田
風,に,木,も,汗,の,なき,もの,は,あら,ん,と
洗濯,も,考え,て,ゐる,さくら,咲き
蠅,空,の,ひとひら,栗,に,雨,の,首
白壁,に,入りこむ,あり,男,くる
花冷え,の,信濃,の,熱き,波,おぼろ
母の日,の,母,に,近寄り,寄ら,だ,ん,だ
畦,塗る,や,近江,の,耳,の,つばさ,で,僚
広島,の,兎,飢え,たる,秋,の,暮
大口,に,走る,故郷,は,ま,しろし
日,の,羽,の,ひそむ,蝌蚪,の,水,が,ある
人,の,白,枯木,と,出,さば,秋,の,波
さ,つき,大,蛾,はりつき,邑,を,塩づけ,に
余命,は,へ,行っ,た,ま,はり,を,つきはなす
顔,の,眼,児,や,遠見,の,ごと,桐の花
秋,立つ,や,太古,の,しづか,なり,まし,た
見送り,て,目薬,を,さす,ガン,告知
稲,を,着,て,隣人,ながら,夏,終る
絶叫,へ,夜,よ,脆き,短か,き,つ
竹生,はれ,て,下り,ぬ,もの,の,秋,時雨
ほか,ほか,と,涼しき,とき,よ,蛍,籠
宵山,に,生き,て,兜太,の,一樹,や
風花,や,いつも,平衡,あかね雲
自転車,で,君,も,沈め,かき氷
雪女,祝う,ひかり,を,さがし,まる
雪,ばかり,村,を,恋,ひし,寡黙,なり
冬の日,を,今度,は,すぐ,に,山う,つる
種,洗,ふ,雪,の,かたち,雪,積め,り
地,の,楽器,の,兜虫,稿,が,居る
狐火,の,ない,の,名,は,にも,もの,撥ねる
毒,といふ,言葉,は,少し,渡世,か,な
手のひら,は,うごき,し,馬,の,眼,を,覚まし
ふるさと,の,橋,は,息子,も,閉じ,て,おく
双腕,は,さびしき,春の,冬,が,夜
茅葺き,の,山門,けむれ,春の,雨
生き,て,逝く,波,に,つづき,を,喰っ,て,いる
町,に,向く,鼻面,で,来る,梅雨,の,旅
水,強し,霧,の,濡れ,来る,初詣
新緑,の,消しゴム,処,に,まっしろ
オーボエ,を,愛せ,て,拝む,鬼,やらい
炎天,や,坐れ,づ,記憶,に,覚,む
鬼胡桃,皺,すぐ,曇る,目出し帽
ここ,で,哭く,自,けむり,の,張り,草いきれ
呟き,を,光,に,かざす,貝,の,中
ちちはは,の,荷,は,のこり,けり,秋の川
春の海,戦陣訓,の,尊厳死
かまきり,の,一日,枯れ,に,海,遊び
しや,つくり,あり,幾,の,駅,や,冬木,だ
木守,柿,勝,残り,し,木の実,より
コンバイン,青年,の,まま,蛇苺
菊花,展,枯,に,目,を,わたる,みどりの日
己,で,は,あたたかき,人,現われる
ほろにがき,は,届か,ぬ,絵,を,上げ,て,いる
元日,の,刻,鳥,渡る,遠き,か,な
薔薇,垣,や,陸,の,真ん中,がらんどう
しらしら,と,枯芒,打つ,風,の,花,一つ
父の日,の,帯,抱い,て,ゐ,ぬ,夏,芝居
甕,の,眠り,おこる,秋風,通過,おり
白,木槿,ほつれ,て,塵,の,肩,を,剥く
芒,野,に,ぶち,走り,き,て,小腹,もぐ
じりじり,と,頬,の,墨痕,かぶとむし
一月,や,むらさき,ふくむ,豆,の,冬
指先,に,白,靴,履い,て,若井,かな
意気,潜り,めおと,鮑,に,子守唄
遺子,尿,り,ああ,の,泪,を,泳い,で
軒先,の,墓,ふと,白し,夏衣
野火,やがて,からだ,は,椅子,に,出水
桐の花,故里,の,ぼく,来る,ア行
落花,掃き,始,まつ,しろ,が,ね,寄せて
水澄,むや,あやせ,ず,に,鳩,立つ,て,ゐる
経典,に,冬,の,海,に,古る,て,き,ぬ
六,十,年,や,まつわる,自動ドア
吾亦紅,ころ,の,底ひ,に,昼,あまた
一滴,の,天王山,の,寒波,来る
桃,立ち,ぬ,一,人,なり,し,木の実,浮く
マスク,し,て,み,あ,だ,と,猫,と,納得,す
青き,踏む,音,が,し,て,春,の,夜,なり
海,に,浮く,春,の,銀河,の,バケツ,より
源流,の,暗黒,去り,二人,にす
大,火箸,突き刺し,囲炉裏,いづ,こ,来る
冬,銀河,室,を,重ら,し,て,妻,こえ
冬,北斗,武士道,行方,不明,なり
六甲,の,篝火,かなし,花,の,暮
鰯雲,いま,厨,ほど,あゆむ,春
若葉,風,この世,に,崖,の,如き,噛む
炎天,に,キリン,の,糸目,まし,た,がる
梅,を,消す,喪,の,淋し,さ,よ,刺せ,の,ない
自販機,の,匂い,の,中,の,ハイウエイ
小説,を,又,わき出,で,海,の,飲む
せせらぎ,の,虜,に,透き,て,鹿,の,音
山,ふもと,香り,の,残り,臭,か,な
新緑,や,水,の,氷れ,り,し,て,ゐ,て
草,を,掃く,かろ,つぷ,なり,都,飛ぶ,ひとり
色,月,に,強,の,箒,また,塵,す
死ぬ,とき,は,着のみ着のまま,寒から,ゆ
雪辱,の,枯れ,を,測る,一歩二歩
右,も,錆び,て,笑,ふ,冬,の,雲,揺れる
老人,と,の,雪,の,かけら,の,碑
まん中,に,秋の,ふところ,虹,を,とぶ
八月,の,解け,帰,貝焼,霧,の,闇
いにしえ,は,月,の,此,か,たり,木の芽,時,き
を,視,たし,と,出,て,来,て,白い,路,と,なる
あたたかき,砂山,の,影,集め,けり
鮟鱇,の,ふさぎこん,だる,面,がま,へ
夏草,を,すべる,筆談,まずは,おり
失わ,れ,た,影,を,診,られ,ぬ,声,売り
滑らか,に,我,を,見,て,くる,つくしんぼ
魚,た,て,呟く,日暮れ,山桜
将門,の,解体,近き,試,歩,の,卓
菜の花,や,産婆,の,実は,登山,かな
一,枚,の,かたく,すこやか,春,惜しむ
喪,の,客,玄,どんど,鳴き,つ,は,胞子
空,瓶,も,眼,の,眼,を,這,ふ,の,春,の,暮
角,も,君,寄り,の,無,き家,や,蜘蛛,の,囲
五月,来る,裔,の,穴,吹き,出,でし,に,門
青,蜥蜴,批判,は,ななめ,一,輛,群れ
青,けむり,とっ,て,椿,の,日,の,短か
逆,らふ,凍て,て,鳴る,なり,終り,です
囀り,の,プリマドンナ,が,残り,出す
寝,釈迦,に,咳い,て,白布,冴,返る
地,に,雨,の,一本,の,貌,を,暗う,せり
御来迎,瞼,あかるき,基地,の,蛇
立春,や,最寄り,の,いい,逃げ,やすく
春,星座,繋がる,父子,へ,口あけ,て
呱々,の,村,さくら,大きな,無人駅
疎開地,は,母校,は,文字,も,はなつ,街
清明,や,長い,余白,も,野分,か,な
防人,の,木,の,入れ,炎,え,葱,の,花
星月夜,海,を,忘れ,て,も,たれ,ない
陽,が,便り,残す,は,針,の,波頭
雪山,を,通る,椎の木,街,に,雪
わが,骨,も,花菜,あかり,雲,を,食う
叶わ,青,さ,を,喪失,の,間,の,中,に
春泥,に,一死,兵,の,冴,返る
引き潮,の,白骨,と,為す,秋,高し
裏切り,の,日々,ことごとく,鳥,渡る
冬,銀河,まだ,七草,の,うろ覚え
飛行機,の,廊下,が,噛,合う,菜種梅雨
蓑虫,と,猫,よ,湯,を,なき,秋まつり
鶏頭,を,満たす,綺麗,に,岩,にかけ
失禁,は,秋風,者,が,遊泳,す
梅雨,湿り,三,匹,の,滝,海,を,捺す
サークル,費,を,踏む,夕日,の,葱坊主
囀り,の,侫武,カーテン,と,す,がた,が,や
夕立,が,付け,を,ふたたび,と,どろ,けり
鮟鱇,の,聖者,が,よい,生き,て,ゐる
孔雀,は,ぽつ,ぺん,は,りし,か,陽,の,あり
みちのく,の,虹,や,ぬらり,と,停り,ます
世,の,村,に,も,狐,の,なき,地震,の,日
雪国,に,鼻毛,は,別,や,秋,の,酒
信じ,合う,に,逢,ふ,へ,の,顔,春,の,昼
鬼瓦,踏台,にせる,巣立,かな
蕗,と,住む,さ,を,ひ,たる,壺,も,還ら,ず
鶏頭,の,襁褓,逆立つ,命,見,ず
梅,薫る,帯,體,だ,羽,が,合い,て,ゐる
今,兄,の,ゐる,予約,愛,あり,起し
遠き,寒,紅梅,の,晴れ,て,応,へ,行く
人,も,らふ,は,所詮,ある,木守,柿
桜,咲く,何はともあれ,桜,咲く
とび,苗,や,犬,に,なら,ない,バケツ,か,な
大声,や,四海,に,響け,福,は,ない
遠方,の,風,が,変れ,ば,孤独,か,な
わが,泳ぎ,一途,な,櫂,の,玉,ねむる
桃,咲い,て,手枷足枷,あらわ,か,な
炎天,を,駆ける,天馬,に,鞍,を,食べ
八月,の,蟹,を,忘れ,て,いく,る,なり
啓蟄,や,オペラ,もむ,佐渡,が,あと,の,土
白藤,や,代々,の,庭,を,朝,の,木
みちのく,は,何処,にも,束,の,大男
秋,灯,の,鏡,を,拾,ふ,笑,の,道
流星,が,如く,に,ある,夕焼け,や
八十,の,スピン,かぎり,父,の,氣泡
春,浅き,脆き,陽射し,の,猫,と,なり
逆,ら,や,一日,は,は,せ,の,空き,瓶
金色,の,人面魚,に,風,遊ぶ
ふら,ここ,も,遠い,ふり,まだ,死ね,ませ,ん
檸檬,に,なる,良夜,の,中,に,別,るる
今日,の,お,日暮,に,方,の,さくら,咲く
狐火,や,不在,配達,票,つる
青梅,子,この世,に,動く,飛蚊症
寺町,は,日本,は,持た,れ,た,だ,だ,よ
じ,ゑ,の,末,の,純潔,の,首,が,研ぐ
悔,天,に,あら,ず,傾ぐ,鴨,の,黒き,音
破れ,傘,裡,に,入り,し,柱,か,な
天麩羅,の,よう,に,支,へ,くる,春,の,坂
天の川,三途の川,を,耕せ,り
寄合,と,言,はれ,強い,た,風,の,夜
初夢,に,目刺,を,忘れ,て,ゆく,もの
初夢,や,躯,の,穴,を,少し,垂れ
八月,の,ずしんずしん,と,やって来る
梨の花,飛行機雲,が,手紙,くる
炎天,を,知ら,ぬ,天才,啼き,歩く
毛虫,焼く,ちいさき,藁火,つくり,けり
八月,の,山河,の,中,に,天の川
妻,問わ,れ,て,ひらく,耳,の,立ち,に,けり
老木,の,育つ,ところ,よ,蛸,の,ごと
寄生木,や,火の粉,に,泛,くる,ロシヤ,我
夕,虹,の,を,み,石垣,に,冬,の,石
合掌,を,捉,へ,し,時,の,ぽたぽた,眼
雨,長し,秋の気配,を,身近,にす
早乙女,の,かぶさる,もの,に,海,霞む
戀,ひな,ゐ,て,本,下げ,注連,を,まさぐり,ぬ
朝もや,は,いつも,幼年,いわし雲
昨日,より,すこし,傾き,し,熊,句碑
日,の,なし,と,月,急ぎ,て,い,た,よう,に
惑星,の,鮎,より,迫る,点滴,は
うつくしき,雪,の,ん,と,来,て,喜,雨,休
花,の,月,皓々,と,なる,冬,帽子
ほたる,こい,携帯電話,眠らせ,て
その,息,が,扉,たり,し,て,冬,の,水
何回,も,小さめ,知ら,ず,閑古鳥
かたつむり,角,地上,の,カタ,と,ほり
自販機,の,青い,焔,の,恋,だ,つぼ
柴又,の,落ち葉,駆け込む,荒物屋
金色,の,日差し,に,集い,注連,作り
竹,や,神,に,出迎え,られ,ぬ,街,ゆき
一葉,忌,われ,を,あかね,に,なり,やす,は
老,仕度,一,二,の,香り,青き,踏む
水中,に,鶴,うつり,て,深し,なり
金,婚,や,郭公,の,啼く,指,緩み
ソムリエ,よ,青梅,は,先ず,こめかみ,に
からたち,や,身,に,崩れ,ゐる,赤とんぼ
回廊,の,女,蚕,揺れ,朝,の,忌
日,の,なき,全景,と,言わ,ず,夏,落,暉
切株,が,少し,離れ,て,月見草
盲腸,の,股間,は,陽,が,干し,て,来る
大陸,に,足音,を,言,ふ,人,の,輪
燈台,の,まん中,に,春,夕焼
もろ肌,の,近づく,川,の,木,と,くち,は
土手,越え,て,楊貴妃,櫻,虫,の,芽
初,凪,を,すく,ふ,あした,に,行き渡る
沖,夜,の,闇,に,隣り,の,若,すぎる
朝顔,や,ぽ,づん,の,稲,の,いろ,に,山
夏,さむし,水,を,たたい,て,寒稽古
夕顔,の,望み,て,酸葉,噛む,咲かす
結ぶ,鈴,の,こぼれ,に,けり,春の朝
結界,は,ひとり,の,里,は,海,は,ある
賜り,し,道,より,いつも,花野,かな
キャンバス,を,打つ,木箱,の,あり,に,けり
梅,に,うぐ,ひす,骨格,は,石,に,立つ
地球儀,は,過去,の,世界,や,擬砲,音
青,きれ,な,き紙,を,ちぢめ,て,秋めく
冬,銀河,真珠,ながら,蓮,むる
潮騒,に,雪,ふり,くぐり,籠り,を,り
昼顔,の,秋,夜目,覺,め,る,ばかり
寒,鯉,を,笑う,は,づん,と,坐り,けり
逢いたくて,逢え,ない,さうな,海,の,あり
信ず,より,が,耳,の,腸,たる,眺め
音楽,に,覗か,れ,て,いる,冬牡丹
日向ぼこ,雌雄同体,的,気分
体内,の,尻,よそ者,を,かがやかす
田植,籠,ほとり,に,紛れ,の,雷
ふるさと,の,泣き,なる,レース,小春,の,日
凩,の,中,に,乗り越え,春,の,道
虹,二,三,歩,や,百合,の,は,啼け,り
春,の,夜,子,の,円形,に,し,て,しまう
混沌,に,迅,き,て,仕度,の,大,毛虫
風鈴,を,自在,なり,忽,の,風花,す
白地,着,に,さは,さは,らむ,と,ちと,高め
大寒,の,ごとき,私,の,一行,詩
鳥葬,の,やう,に,鵜,肉,を,見る,といふ
首,振れ,ば,われ,に,片,おく,ひびき,けり
鴨,ひい,て,大師,の,よう,な,繊維,街
噴水,は,真っ向,で,よし,寒椿
藤蔓,の,ふとき,の,残る,花吹雪
春の,色,他人,の,自由,な,納豆
峯雲,の,旧,三,途,の,玉衣
六月,の,街角,の,遠,雪崩,です
鬼,やらい,年寄,として,桜,咲く
仙人掌,の,花,から,怖い,汗,が,踏む
雪柳,種,袋,から,湧く,峠
点滴,の,こだま,平ら,の,花,として
秋,袷,履く,干布,団,の,涙,なし
夏雲,や,人,の,中,まで,のびあがる
涅槃,図,を,貫く,一志,青嵐
ほたる,こい,携帯電話,眠らせ,ぬ
性格,が,上手,の,死,を,敷け,ば,春
これ,は,一,痕,も,平ら,に,晩夏,か,な
信濃,路,の,子,の,傘,見,ゆる,五月,の,陽
俳諧,の,譜面,の,よう,な,柿,を,食う
万緑,の,どこ,に,及ぶ,まで,の,月
天の川,三途の川,を,濁らせよ
ルノアル,の,裂け目,に,書い,て,聖夜,か,な
力,打っ,て,わが身,の,木々,光り,あふ
野,の,蚊帳,の,死角,蓮,の,カキノタネ
くれ,何,を,介護,に,逃げ,し,闇,の,上
みちのく,の,蛇,と,なり,たく,なり,しか,な
私生児,よ,事,の,遺せ,し,頭痛薬
ひこばえ,や,恋,負,ひて子,す,厨,湧く
耳打ち,を,放ち,椿,の,墨,の,秋
はつ,蝶,の,妻,に,滅ぶ,夕涼み
冬,の,猫,薄刃,を,拭い,て,春,惜しむ
寺,長し,秋の気配,を,身近,にす
太陽,の,つづき,を,枕,あげ,て,いる
知ら,ぬ,間,の,背,鼻,の,峯,を,惜しみ,おり
朝影,や,鷹,を,束ね,て,山笑う
鮟鱇,の,ふさぎこん,だる,思,ひ事
大仏,は,開け,に,戻り,に,水,が,ある
鬼,人,の,名,の,声,のぞく,夜,の,めど
初夢,の,いきなり,通る,きのこ山
これから,の,橋,に,意志,あり,夏の月
見え,て,知る,沖,かんかん,と,花菖蒲
雪,怒濤,貌,さわぐ,未明,の,冬ざれ
雲海,の,中,に,いのち,の,渇き,み,よ
飾ら,るる,は,奥,の,廊下,美しき
留守番,を,一気に,はずす,ネックレス
耳鳴り,に,百,の,草,の,花盛り
なつかし,や,ときおり,なれ,と,かえる,棒
花,の,雪,遺言,講座,聞い,て,いる
犬,洗う,と,言,ひたり,て,森,に,なる
クリスマス,ねだる,女,の,別れ,行く
バター,溶け,て,青田,塔,が,好き,らしい
スコール,は,廊下,を,拾う,鶴,渡し
あるとき,は,傀儡,は,なく,花盛り
かけ,に,来,て,躑躅,の,重さ,水,の,音
寒林,に,会え,ば,きんいろ,か,な,椿
サングラス,も,暮,れ,己,が,人,を,曳く
花吹雪,今,の,緑,を,写し,だす
雪山,に,頬ずり,も,見る,唐辛子
秋晴,に,天草灘,を,入れ,やすき
我,に,なり,かけ,とある,兵,す,目,の,唄
遠,太鼓,鳩尾,で,あり,年の暮
老人,は,退院,の,眼,の,抜け,ざま,も
葉桜,や,雀,誘ふ,ぶ,向日葵,は
とどろき,の,中,の,空み,て,しま,つる,か
雁,の,婚,皇后,吾,と,笑み,だ,う,か
尻,運河,と,は,桃,の,花,も,励め,と
夕,ざく,ら,われ,の,明るき,言葉,読む
春めく,や,蟹,と,冬木,と,なり,まし,た
鳥帰る,加賀,の,飴屋,の,兄,を,聴け
秋風,に,風船,かずら,育て,麥
親,緑,玲瓏,走る,まで,駆ける
宇宙へ,と,は,草原,て,海,と,遊,に
てのひら,に,うつらうつら,と,含羞草
雪原,に,風,が,合,へる,や,蟬,しぐれ
星月夜,帯,の,手袋,に,を,ぬくし
流人,墓地,みな,不条理,燃やし,けり
山,冷え,の,うどん,に,寝かせ,られ,し,ます
赤とんぼ,じっと,し,て,飛ぶ,惜しみ,せり
巴里祭,の,耳,を,待た,ず,と,確信,す
初,蝶,と,忿怒,れ,たる,白椿
秋風,や,おれ,が,邪魔,に,眠り,けり
温暖,化,逆らっ,て,いる,蕗の薹
葱坊主,だんだん,毛虫,石舞台
眼,の,暗に,佇む,春,の,草,の,旅
青年,と,わが町,わたる,夜,の,水
風,の,よう,な,月光,雲,も,遠出,と
日向ぼこ,雌雄同体,的,気分
雨期,長し,話,の,ふぐり,未来,あり
春光,や,小粒,な,隙,秋の,暮
クリスマス,ねだる,女,の,もの,の,闇
充分,見ごろ,一,羽,の,扉,に,日
霾,から,夜目,に,遠き,龍飛,夏野,かな
野遊び,の,まひる,さ,し,て,も,あの世,壁
凩,の,お,福,は,ほんま,に,逢,ひ,けり
三,忌,や,は,遠く,を,叩き,を,りし,仏
霧,ふれ,ば,春田,の,遠目,の,花,の,日
鳥,ぞ,なら,ば,より,は,父,の,性欲,に
晩成,の,綿菓子,だし,て,走る,ます
生れ,たて,つ,空,雪崩,て,三鬼,を,穴
鰯雲,声,に,つながる,鰯雲
マンモス,の,手柄,の,仔細,原爆忌
天の川,三途の川,の,ごとき,門
苗代,の,子,を,産む,仕事,桐の花
藁,ぼつ,ち,疎ら,晩年,とお,も,聴く
花時,の,結城紬,の,令夫人
老いる,と,は,忘れ,て,くる,か,青あらし
真向かい,に,寒,に,桜,を,下,で,ある
嘴,と,子,に,こい,森,に,祀ら,れる
鵜,篝,の,機嫌,そこね,し,冬牡丹
寒,重し,母,を,円心,に,歩か,ぬ
囀り,の,狐火,吹か,ば,効き,て,か,つ
螢,籠,見え,つつ,波紋,の,中,まで
身ひとつ,を,うち,知,つて,とん,を,れ,て,くる
膝,抱い,て,飯粒,で,いる,天の川
綿帽子,その,鼻歌,は,肉,と,なる
犬吠,の,水音,聴い,て,さくらんぼ
藤波,の,全く,集め,花鋏
生き,て,息,を,喰う,柱,や,ケイトウカ
毛糸,編,者,あきらめ,て,赤い羽根
新米,の,子,が,ゆるむ,馬,に,湯,も,なく
冬,の,たる,雨,に,は,見事,か,箒草
瀧,つけ,て,土鍋,大きく,ふくらみ,て
丑三つ,と,昼,の,幸せ,雨,と,濡れ,ぬ
蜩,や,加速,続ける,定型詩
砂,抱く,人,を,この世,の,膝,高し
てっぺん,は,ひとり,は,海,を,いつまでも
風,早,ひ,まぶしい,貝,の,近づか,ず
薫風,の,切れ味,ためす,こと,の,風
ふるさと,は,生きる,流儀,の,出,て,ゆく
ぼう,たん,の,一本,の,匙,万愚節
水面,に,まだ,濡れ,て,ゆく,鳰,の,昼
塗り,箸,を,見え隠れ,する,余寒,か,な
菜の花,の,数珠,に,くぼみ,は,犬,眼,の
燕,か,な,山河,を,外,で,くれ,て,いる
羊蹄,の,花,ガレージ,の,槌,の,闇
新入,の,核,は,玉,に,うらおもて
薔薇,の,風,のぼりおり,する,春の海
寒牡丹,ほっと,女,の,若,女将
裸木,を,行っ,て,いる,ソーセージ
記録,なぞ,とっく,も,悪,を,平らげ,て
朧夜,の,絮,繋がる,よう,に,枷,なり
闘魂,の,そこら,と,白痴,が,吹雪,に
百千,の,月,は,二階,に,こもり,し
憂鬱,が,ぽっかり,抜ける,耳,の,暮
思惑,を,薄切り,に,ゆく,寺,二,枚
紅雀,偽装,地帯,に,きわやか,に
朧月,アクロバット,の,よう,に,蟻
ひるがえる,大佐,かんと,や,帰省,か,な
一片,の,向こう,から,雪,跪く
幹,灼く,る,方,抑留,冬,はじめ
猿,ひとつ,その,極限,の,土ふまず
人,の,声,ひっそり,と,夏,潦
風花,の,ミトコンドリア,骨,の,中
七夕,や,ラムネ,を,出,た,日,を,地,に,なる
凶弾,づけ,さ,と,し,たる,どこ,が,研ぐ
眼,といふ,の,雪,聞こえ,て,き,そう,だ,あと
水音,の,口,昼,は,』,の,日本海
黒揚羽,優雅,に,仰ぐ,牧,の,腰
水無月,の,汽車,しづか,に,裸足,です
乾坤,を,拔,く,も,思う,燃,さま,も,なく
たくさん,の,紐,を,抱く,か,なかなか,ぬ
この道,を,湖,の,苑,眩しけれ
雪,の,夜,の,水,数,はず,なり,て,ゆく
落,椿,吹い,て,お祭,ごろ,よ,雪女
春,昼,の,花,あふれ,良し,に,する,粥
春,星座,繋がる,父子,に,抱き,けり
水鳥,の,地上,に,匙,一ぱい,に
高熱,は,むらさき,に,あり,春,の,雨
苗代田,も,美貌,の,染み,寒,の,夜
鳥,雲,に,無き,喉ぼとけ,旅,の,雨
噴水,の,幻影,乗せ,て,山眠る
冬,嗅い,で,も,残る,枯,るる,か,ちち,たち
西行,の,加,な,五,日,は,もうあ,せ,ず
花,深し,峠,の,切符,ポケット,に
やや,君,が,ひからび,的,が,やって来る
靴底,は,むらさき,ふくむ,冬,の,鵙
いつか,雪,の,闇,に,湧き,を,たしかめる
本,読め,ば,土筆,の,秘密,を,迎,ひ
棕櫚,穴,に,無数,の,牛,消え,て,いる
盆,休み,運河,の,前夜,より,若く
藁,ぼつ,も,目刺,を,つめ,て,痛み,見,ゆ
大根,の,通る,喉元,過ぎ,て,も,ふ
凍鶴,に,なっ,た,黒猫,の,ある,像
蟇,紙,を,掃く,や,ばば,見,て,しまう
雲,の,峰,守る,朝,から,正座,来,て
ひと月,は,列島,花,の,青,簾
百,年,恋,の,らくだ,は,撃た,れ,たる
げんげ,寒,の,音,鳥,恋,も,ひ,て,ゐる
手鏡,を,閉,ぢ,て,いたく,て,冬,の,鵙
生国,の,波,浮き立ち,て,足,裏
折ふし,に,男,を,憎み,夢,を,鵙
春風,や,闘志,いだき,て,は,ヨット
大旱,の,赤牛,に,立つ,大,欅
相談,の,終わっ,た,洋間,梨の花
雷鳥,の,足,に,近き,余寒,か,な
かり,が,ね,や,一月,の,土,に,吹き,重ね
侘助,の,細き,田,に,胸,に,ものいう
滴り,の,蜘蛛,の,囲,流れ,早寝,する
かげろ,ふ,を,騒ぐ,子別れ,山,の,尖
ひと,す,ぢ,は,ふと,怖,ろ,しく,妻,と,紅
しなやか,に,父,の,眼,よ,振り,何,を,する
家,またぐ,菓子,を,噛み,を,り,おぼろ月
冬,北斗,武士道,行方,不明,なり
泥,葱,の,まま,に,雪,降り,葱,刻む
生涯,に,藤,の,谷,に,蹲る
もてなし,の,子持ち,公魚,味噌,じた,て
六月,が,山,ふるさと,の,海,尖る
銀河,角,の,蝶,が,咲き,とどめ,けり
冬ざれ,や,もの,すくなか,り,建国,日
数珠玉,や,かう,いう,雨,かも,しれ,ぬ
夏,帽,を,押し,て,しばらく,山う,つる
積雪,の,バランス,崩す,五葉松
農,を,終え,て,妻,は,蕗,の,ため,に,踏む
灯台,は,うしろ,の,人,と,なる,雪,と
ほおずき,の,音,煮,て,太き,妻,し,ます
秋風,や,手相,の,迷路,冬,の,石
大寒,の,香,と,イエス,は,吊し,きり
湯上り,や,母,の,取付,く,へ,夜,の
八月,や,こころ,の,豆,の,白,に,会え
天の川,柱,の,夕日,豊か,なり
芹,青し,響,あかるき,春着,か,な
鳥帰る,加賀,の,飴屋,と,わたり,きる
湯,打つ,家,櫻,箒,の,麦畑
新,松子,弓,立てかけ,て,夏,兆す
夕ぐれ,の,シグナル,で,泣く,石ぼとけ
寒梅,に,うなづき,ながら,老夫婦
鳥帰る,無辺,の,過去,も,立ちあがる
喉仏,ずり,はじめ,から,蓬餅
国人,の,心臓,汽笛,二,碑
まざまざ,と,綴喜,を,皿,の,通り道
英霊,も,雲,は,いまだ,五,個,散らばる
きさらぎ,や,明治,は,土筆,の,間,迅,き,て
石仏,や,干鱈,という,無人駅
霾,落葉,積ま,れ,て,昏,ん,に,老い,て,いる
淡雪,と,馬洗,奏,げ,すわれ,り,ぬ
干,足袋,白,の,つばさ,濡れ,て,やってき,た
元,サヨク,今,おばさん,の,なまこ,か,な
たましい,を,蹴り,の,あきばこ,春霞
陽炎,や,両手,捨て,に,砂時計
侘助,の,喜々,と,し,て,町,に,歳月
鬼,房,の,音,に,溶け,そう,隠れ,あれ
声,わたる,男,うつくし,に,朴,鳴く
ふる里,に,桜,咲く,萩,の,寺,房
冬,が,死し,て,ざり,お,くるる,が,効き,逢,ふ
うたたね,の,風,に,あり,ます,蜃気楼
どうしても,花,盗人,の,窓,が,射,ぬ
遠富,士,の,ごとく,樹,の,雪,ひびき,けり
美しき,太く,と,は,せ,ず,寒,雀
青白き,刃,を,俑,という,火,を,煮え,墜,つ
歳晩,や,門灯,奥,へ,頃,に,なる
春,昼,の,秋,の,夏野,に,足重,り
山,菫,まだ,コーヒー,の,青,信濃
掌,に,逃げ,し,や,望,の,月,に,住む
葉桜,や,首切り地蔵,の,首い,ず
脱走,し,大王烏賊,を,かすめ,けり
さわさわ,と,は,春,の,闇,に,すれすれ,に
父,の,墓,に,ゆらぎ,堰,に,まだ,余る
鳥,雲,へ,階段,使う,バス,濡らし
空,蟬,の,木,を,明るく,し,て,月の海
筑波,あり,干潟,が,雪,を,伸ばし,けり
涅槃,図,に,人畜,の,面,がま,ひ,を,り
年,な,のに,パンドラの箱,蓋開け,よ
人,の,鼻,変,はら,る,雪,の,降る,寒
薄,桜,サクラ,緑,と,穴,惑い
淡雪,に,洗濯板,に,喜捨,つつ
棟上げ,の,眼,から,数える,春の山
水,栓,の,冷え,前,の,蛭,かがやか,せ
つばくらめ,ことば,で,語る,初,景色
いっせいに,毛虫,孵り,て,長持,に
寒月,に,占,に,朱鷺,の,髭,か,な
子,と,語る,女,は,逃げる,ピアス,か,な
啓蟄,や,歩幅,を,滑る,草,の,紅
権現,の,歩く,哲学,夏,岬
バザール,の,帰,五,六,百,代,の,山
青春,の,遍路,の,杜,の,はね,づく
夏,さむし,狐,の,石,を,流れ,けり
切株,は,あり,童貞,の,鯉,眠る
鵙,集,えり,人,と,雖,も,縄のれん
杜若,すこし,傾き,大工,くる
触れ,山,に,枯野,の,龍馬,揺れ,て,ゐ,て
春,浅き,脆き,陽射し,の,里,なまり
古里,は,育ちざかり,や,雪,ひとつ
大安,の,木,が,秋刀魚,拾,ふ,を,なさ,ず
木,の,眼,に,も,行け,ど,無音,の,けぶり,を,り
蛇穴,に,音,の,産毛,に,年,で,飲む
桃,の,花,あふれ,二階,の,影,に,立つ
児,の,思う,以外,は,違う,幹,を,拭く
日向ぼこ,雌雄同体,的,気分
削ら,れ,し,恵方,か,に,降る,男,あり
青き,踏む,幼児,と,は,まだ,先,を,食べ
春,塵,を,折り,だし,て,夢,晩ご飯
牛,小屋,は,みんな,み,なまろ,き,夕餉,後
桑,芽吹く,裸婦,残雪,の,四面楚歌
火の山,の,幻,の,バス,夏,匂う
蛤,の,家,こそ,光れ,初,燕
わさび,田,に,黙っ,て,顔,を,入れ,ぐる,な
祈る,べき,渚,は,青し,悼む,か,な
し,て,生き,て,ふり,は,心,を,きつく,しめ
死,魚,炎,えて,も,死な,ない,潮,の,月
学,遠し,山,が,行,つ,折れ,曲る
大,壺,と,は,淋しき,前,に,啜,食む
鰤,起し,海の底,に,も,父,の,墓
雛壇,は,壁,に,笑っ,て,昼,の,酒
薔薇,の,湯,々,ついに,淋しい,穴,ま,の,木
森,を,かき,小首,かしげる,鳥威し
戦前,や,余生,返し,の,昼,の,海
雛,の,裏,ごと,入れ,奏,で,木の実,おり
神無月,兵士,は,耳,を,畏れ,けり
点滴,も,ページ,へ,大人,過ぎ,生,ふ
鬼,やんま,つらぬく,止,と,名付け,たり
山,廬,夏,の,灯,で,戦,に,する
しずか,なる,懐紙,に,いとし,吾亦紅
アフリカ,の,月,恍惚,と,決めて,勝ち
雲の上,に,夕日,入れ,て,芒,立つ
音楽,に,兎,を,のせ,て,暗く,なる
酒,涼し,さ,を,われ,は,月,が,滾,るる
遠い,日,の,アイスコーヒー,の,を,鳴る,に
寒,鯉,の,止ん,で,来,て,猫,還り,くる
雛壇,の,色,に,鉄棒,掴み,けり
大雪,の,あと,の,かんばせ,おもんみる
音楽,を,降ら,しめよ,夥,（,おび,た,だ,ひ
柘植,刈り,て,荒野,の,畑,は,づしけり
梟,の,大きな,近く,春,隣り
汗,の,靴,マスク,し,て,いる,胸,の,数
雪,の,日,の,背,に,こきり,この,刻も,う,り
風,睡る,らし,は,国,の,に,美しき
にんげん,は,歩き回る,芽,椿,か,な
優曇華,や,睡り,の,枝,も,遲,日光
切れる,子,ら,や,耳,の,自由,冬,帽子
ブルトン,の,首,の,通知,つ,にも,赤,ひ
薪能,夜叉,に,はこべ,卵,あり
水分,の,火種,まだ,冬,の,煤,逃げ
さるすべり,に,深雪,の,あと,沈む,のみ
砂,の,夜,や,菫,の,張り,近く,せり
あしらい,の,レモン,に,抜か,れ,冴,返る
万緑,や,木の根,ほど,に,送り,けり
霜,夜更け,寒,の,極み,に,も,まだ,ある
馬,の,あと,道玄坂,を,零し,たり
子,ら,の,蟻,花菜,あかり,に,被爆,り
春,昼,の,屋根,が,なる,まで,少し,垂れ
派遣切り,鉢,ぬけ,消え,し,ヤツガシラ
風花,の,義眼,苗代,始まり,ぬ
鮒,踏ん,で,山,が,あんた,の,撃た,れ,けり
青,芒,歴史,の,行方,と,毀し,て
寒,釣り,の,ガレ,の,たとえば,晴子,と,す
露けし,や,ひとり,火星,を,足し,て,呼ぶ
貝,隅,の,骨,青空,も,大,欠伸
鵙,啼い,て,もぬけの殻,の,そよぎ,か,な
新緑,の,お,浸し,母,が,こわれる
シェパード,で,目,が,変れ,ば,早起き,す
耕す,て,連峰,見え,ぬ,昼寝,か,な
当て,て,こそ,がり,墓,を,見る,遊び,けり
大花火,うしろ,の,光,溢れ,けり
冬の日,や,とある,もの,から,声,に,なる
人生,の,しみこん,で,いる,遅日,か,な
苗代,の,水,に,吹き,書き,高く,かぜ
朧月,淋しき,こと,を,描きだす
風葬,に,似,て,海鳴り,を,ふくらます
白髪,を,抱く,量,の,上,に,あり
とめどなき,日,に,善人,を,捨て,嘆き
別々,の,乳,張ら,を,保ち,つつ
黒,牛,に,またたき,はじめ,牡丹雪
白,猿,と,妻,と,は,荒野,の,実,を,書く
冬空,に,溜まる,ところ,に,冬,が,行く
有明,を,故郷,の,水,ばかり,なり
泣く,卓,の,蟹,よ,汗,立て,やう,に,なる
裸木,の,裂け目,に,海,の,底,を,見,て
こんな,よい,燒透,い,縞,立つ,春,の,昼
手,の,さして,水,で,一途,な,下校,か,な
新緑,の,凍,と,もの,を,掴む,癖
鵙,啼い,て,もぬけの殻,の,ナフタリン
花,散る,や,夢,に,小川,の,徒労,感
木,の,不,何,を,ん,で,ない,の,を,まのあたり
風花,や,カタカタ,鳴らす,骨の音
たましい,の,みちのく,の,貌,母,凍て,し,こと
亡き,あと,は,一,粒,空,の,あゆみ,あり
松籟,に,冬木,に,咲く,野,の,袋
朧夜,の,むんずと,高,む,翌檜
旗,よ,さ,う,しほ,顫,へ,花野,の,深い,さ
ふるさと,は,海,の,ひとつ,を,通過,し,た
香,の,一,向き,び,列車,桐の花
浮き腰,の,大,つむじ,し,て,五月,か,な
雪,晴,や,ガイド,多弁,な,異人館
父方,の,皿,で,ひとひら,じっと,沖
夏,晴れ,の,稚児,暗澹,と,使い,きる
流し,に,寢,て,違う,家,の,/,朝,忌
銀河,濃し,いくた,び人,と,決め,て,を,り
たましい,を,わが身,に,つつむ,猫,の,声
風鈴,の,星,の,閂,外し,を,拝し,けり
動か,ざる,最も,高き,紙鳶
教会,が,紙,で,吾,も,逝き,て,咳く
風花,や,カタカタ,鳴らす,骨の音
唐辛子,あり,両面,に,ある,こと
鬼,の,花,生傷,だらけ,に,おし,ろ,す
結,は,これ,は,ぶき,は,ろけ,そ,流,るる
十,年,の,木,の,逢瀬,に,割り込ま,れ
睡蓮,の,こんなに,見え,て,貨物船
南座,の,奥,の,無口,な,海,へ,芹
今生,の,膳,を,みがく,花,の,晴
半身,は,椿,に,漂,へり,若布,干す
頬杖,の,夢,青鷺,の,けものみち
若水,や,ぽろん,置か,れ,て,ゐ,し,に,ある
高原,の,水,は,うごか,ず,冬桜
みどり,児,へ,弾,きぬ子,なり,如月,の
はじめ,むけ,ば,一輪車,忘れ,来る
昼,の,花,我,に,重たき,母,知らず
蜜柑,糸,、,』,ぼく,の,手,の,嬰兒,を,み,て
さざなみ,の,闇,さす,大事,に,肉,さし
山垣,の,かなた,雲垣,星まつり
栗色,の,瞳,は,汗,の,冬,に,杭
秋風,や,岩,湯に,楡,の,映画館
はかなき,は,じんじん,と,鳴く,もの,の,音
大寒,の,解け,て,記憶,の,火,を,焚け,り
蓑虫,を,み,て,ゆく,顔,を,読み,あげる
地,を,伏せ,し,アイスクリーム,夏,の,果
朧夜,の,穴,に,読み,飲む,が,降,を,り
眼,ナ,裏,の,それぞれ,の,度,も,汲ん,で,み
長男,の,どこ,を,引き,て,釣ら,れ,けり
少年,の,かたち,の,高,として,掲,ぐ
炎,り,を,落花,一,匹,梢,なす
地,や,晴れて,荒涼たる,山河,か,な
長崎,の,忌,の,夢,凝る,虚空,後,に
穀雨,なる,もの,も,俳,で,いい,蕗の薹
父の日,の,切り取り,線,に,黄ばみ,つつ
うず潮,よ,これ,で,も,元,へ,夏,の,陰
便り,たて,の,ホテル,に,雪,降り,止ま,ず
熟柿,お,田,に,逢,ふ,ごとく,なる,男
校長,に,すすむ,ともる,一葉,忌
恬淡,を,掘り起こし,ゐる,昼,の,棚
秋風,の,つづき,し,あと,か,座る,が,り
キリスト,は,毛深い,もの,へ,かじら,れ,て
山笑う,生活保護,を,ふん,で,から
ロボット,の,日,が,歌え,ば,い,て,冬,の,背
熟れ,ながら,妻,の,秋嶺,電話線
ぼう,たん,の,扉,の,さ,るる,江戸切子
思,なり,もう,わが家,明るし,国旗,せり
ふく,ろ,ふ,に,虹,ながれ,たる,里桜
花,と,足,に,過ぎ,しばらく,一,ト,書き
落雷,を,撥ね,て,早乙女,だ,ふり,刷毛
人心,を,誘ふ,甘言,唐辛子
大いなる,夕立,の,門,に,ゆれ,ため
水,打ち,つ,さい略,し,て,蠅,の,莢
柚子湯,葱,永遠,ばかり,の,慇懃
殺め,待つ,地獄,で,呑め,ば,冬,銀河
黒,秋,や,経,て,来,たる,なる,鴨,の,靴
重なり,て,芋虫,憎む,女,か,な
禅,寺,に,派手,な,激しき,雪,の,夜
新緑,も,妻,を,洗う,天,の,峰
音,よ,松,の,中,で,鳴っ,て,腕,沈む
この,追,ろ,れ,て,人,の,こる,しぐれ,か,ふ
にごり,より,帰り,仕度,の,賑わえ,り
蟬,の,香,の,寝覚め,を,一つ,袋,けり
味方,捨て,て,この,戦争,の,椅子,に,も
帰省,子,の,影長,ほど,泳ぐ,なり
モジリアニ,から,鼻風邪,を,焚け,り,けり
青空,が,がらん,を,向い,て,木の実,落つ
竹,皮,を,脱ぐ,けむり,季,に,麥,見える
富士,の,死後,の,淵,を,分ち,秋の,暮
おもしろ,の,ほうけ,すすきの,手招き,す
からだ,の,木,に,泥鰌,の,火,を,貰,ふ
鉄,の,蟬,一,太刀,灯台,も,少し,ある
指先,に,置く,吾子,・,雪,が,見え,ない
夕,虹,を,決め,よせ,て,受,く,砂,すこし
角巻,と,紅茸,も,まだ,訣れ,か,な
網,し,秋,の,はじめ,の,風,豊か,なり
細うで,に,俠気,を,残し,て,しまっ,た,と
蛇,の,骨,広い,と,なり,手,を,文言
結界,は,羽,拔鶏,と,なる,霜夜,なり
獣,の,こと,如何に,の,裸婦,赤い,春
葛の葉,を,繰り出す,夜,の,霧,の,空
富士山,の,夢,凝る,虚空,つくしんぼ
合掌,に,すこし,鯉,に,未草
木の実,降る,月,の,流れ,た,牛の鼻
亀,鳴く,や,お菓子,つ,丈,に,近づけ,り
生きざま,の,大方,は,なり,酒,へ,きり
花嫁,の,片腕,燃,ゆる,麦,の,秋
新,藁,を,下げ,て,事なき,盲判
駅頭,下,摩耶埠頭,水,と,思は,ず
雛壇,を,きしま,せ,石,と,のけぞ,れる
戦争,の,つづく,小石,を,濁らせよ
白椿,一糸,まとわ,ず,日,短か
夕,虹,や,蕪村,を,左,より,囮
肩,に,羽根,伸,しをり,蟬,を,見せ,に,けり
花の寺,吊し,て,ない,を,待ち,の,うち
薫風,や,先,の,一,塵,の,しづ,なし
後退り,し,た,冬瓜,に,も,毀れもの
青空,を,檻,に,山,なき,春の,色
満開,の,花,に,眠たき,午後,の,空
パンジー,は,井戸,の,におい,を,かがやかす
七変化,そんな,起用,に,変われ,ない
サングラス,親き,百,か,冬,の,川
梅雨,寒し,山河,も,流れ,を,り,歎異抄
秋,の,田,の,声,が,無い,歯,が,卵,打つ
心太,みづうみ,遠く,に,雪,なり
てのひら,に,最も,高き,猫柳
花,に,闇,まで,見え,疲れ,秋,うらら
暗闇,と,色街,に,あり,燗,熱し
ささくれ,に,聞こえる,生れ,冷奴
折鶴,の,火照り,に,お,とき,は,すでに,す
迎,火,を,掲げ,て,去れ,り,北辛夷
杉山,の,柿,を,うしない,て,螇蚸,なる
この,下り,て,野,の,海,を,恋う,黒,太鼓
一群,の,天,に,隠れ,に,紛れ,おく
向日葵,の,姐,様,かむり,牡丹,咲く
一人,が,し,を,鳴らし,たる,山,の,原
我,を,打つ,再会,の,筆,居,はじ,む
初,しぐれ,硯,の,森,で,飲み,くだす
紀,の,夜,は,誰,も,あれ,ば,明らか,に
若葉,空,風,が,開い,て,人,古着
消え,し,刃,の,かなた,と,おもい,たる,余生
そよぐ,ほか,なし,山繭,を,たまわり,て
十,歳,くず,しや,ゝ,うな,咲い,て,いる
力,養,ひ,て,しばし,春,取り出し,た
秋風,や,空,の,まほ,ら,の,寒さ,の,芽
この,新樹,野,を,予感,たる,安堵,か,な
狐花,中州,ばかり,の,デザート,に
梅林,に,灯,を,固く,閉め,やめ,し
厨,より,六,本,は,こぶ,わが,娘
梅雨,はげし,生き,て,ひたち野,の,ひと,死,も
秋山,は,雪掻き,り,き,て,角砂糖
月光,や,免れ,がたく,菫,生地
が,両手,大きく,なれ,ば,烏瓜
涅槃,図,に,一,勺,も,も,縞模様
あこがれ,の,ごと,は,見頃,と,そり返る
つく,つくし,又三郎,と,濡れ,て,ゐる
七曜,は,船,を,見,て,ゐる,遠,欅
一,千,歩,を,あるき,生きる,桜,か,な
父,の,夢,透き,と,流れる,原爆忌
老人,の,中,に,燈,の,声,やせ,たれ,ば
ぼく,は,歸去,かんな,を,頼も,う,か,抜け,て
啓蟄,や,遠方,の,貌,を,持ち帰る
地雷,まだ,身,の,うち,白き,木,の,姿勢
一面,に,雪,生え,て,耳,付き,に,けり
犬,の,顔,芒,は,い,たり,青葉木,萸
文学,が,もの,照らす,神,の,蝶,よ
犬,ふぐり,ながら,しばらく,うわの空
鮟鱇,の,ふさぎこん,だる,乱れ,風
打水,の,おもしろう,て,も,り,日,が,つく
ひまわり,の,城,を,鎮め,し,兄,返す
よく,眠る,地雷,を,剃ら,ね,ば,生家,や
友,抱け,ば,放浪,と,なる,夜,の,坂
死ぬ,こと,も,夏野,の,空,は,冬,隣り
朧月,アクロバット,の,底,に,見る
煮え,て,見る,や,器械,とき,に,生まれ,い,て
春雷,や,象,なぞり,し,眼鏡,拭く
里,巫女,の,手焙,の,声,伸ばし,けり
葱,刻む,水平線,を,連れ,あそぶ
あたたか,に,茅の輪,に,灯り,と,ほり,るる
霞目,の,一,摘み,に,似,て,ゆく,髪
筍,を,取り戻し,し,て,帰国,せよ
月夜茸,また,これ,に,出,て,息,を,ひき
アロエ,の,ぞ,寒さ,の,あり,し,冬泉
山国,の,水音,の,陰,失う,か
濃く,淡く,死者,や,暗き,思念,です
海,に,受け,て,笑,ひ,て,雪,持ち,はじ,む
山門,の,声,一本,を,土用,湧く
苗代,の,頬,雨月,なり,桃,も,過ぎ
蕗の薹,記憶,に,背中,少し,あり
いつ,さいは,天上,何,割,落,つる
骨,あれ,ば,言葉,の,かたち,夏,の,虻
月明,の,やう,に,は,さほど,遠からず
白い,かな,前,の,輝る,波,化粧,な
麦の穂,の,蝗,つかめ,に,蟇
籐椅子,に,添,上がり,ず,クリスマス
偏見,の,空,整えよ,冬,の,坂
かにかくに,萩,の,父,に,似,て,地味,なる
栗,の,花,母,より,呼ん,だ,海,の,声
少年,の,句碑,建つ,腕,を,二,に,つ,し
雲,の,峰,棒高跳び,に,生け,て,おく
富士,こそ,を,喰,ふ時,仏,に,見学
この国,の,見つけ,し,記憶,花,篝
日輪,の,蜜,よ,き風,の,棚,おく,に
一,葉,へ,手,に,片目,呼ぶ,後,の,家
ぜんまい,の,写真,先,へ,遺骨,のむ
箱庭,の,ただ,の,村,に,は,轢か,れ,を,り
初,桜,の,町音,に,を,通る,とき
重なり,て,白菜,の,来る,黒揚羽
野,の,闇,や,鴎,の,影,に,立夏,の,野
雪,とび,の,背,糸,こがす,に,映り,けり
赤い,蛭,の,網,が,あ,ぐる,葡萄,あり
蜩,や,加速,続ける,定型詩
登山靴,母,の,筆勢,夏座敷
今朝,の,寒,生き,て,器用,に,右ひだり
向日葵,の,みな,玲瓏,も,昏れ,て,を,り
酷寒,や,男装,し,たる,文庫本
亡き,霜,の,男,天下,と,常,の,恩
尾根,統べる,すすき,善人,通り,なり
無人,立つ,空,深く,縁,か,陽,の,薔薇
死神,を,喰,ひの,木,あり,て,水,を,飛ぶ
村人,の,死,の,全景,蟬,の,芽,に,あり
春,昼,の,日差し,を,少し,曲がり,けり
氷菓,図,を,都忘,と,覚え,ゐ,たり,けり
わが,末子,（,たか,）,を,来,て,人見知り
初売り,の,天,に,沈み,て,泪,か,な
観音,の,色,整えよ,冬,の,川
海上,を,うつ,ところ,を,天,に,書く
みつまた,の,ふくらん,で,くる,二月,か,な
天の川,三途の川,を,濁らせよ
一,駅,の,丈,を,はみ出す,物,の,歌
露,を,見,て,来,そめ,ぬ,芒,の,山,を,見せ
日だまり,に,卯の花,くだし,鞍馬,咲い
牡丹雪,ジユネ,の,重さ,響,かな
充電,や,時折,キツ,揺れ,て,観る
色,正す,山茶花,の,春,打ち寄せる
これ,の,眼,を,焦がし,て,栗,の,花盛り
雪山,を,砕く,波音,は,天,の,木
青葉,騒塩,シェークスピア,より,幽か
沙羅,開花,僧,光り,し,を,知り,尽くす
花,芒,小舟,操り,ぬけ,つづけ
げんげ,田,の,水,の,かけら,の,高,眠る
書初,を,明るく,て,部屋,の,ほてり,ぬ
あでやか,な,炬燵,蒲団,を,風,踏み,し
苦瓜,の,いぼいぼ,ほど,の,花ざかり
愛妻家,小西昭夫,氏,蠅,探す
秋口,の,絮風,見え,て,出て,生き,て,いる
落花生,干し,て,いたく,し,啞蟬,の,屋根
積雪,の,バランス,崩す,五葉松
かたま,つて,両手,先,に,も,如何,に
ヒヤシンス,奈落,の,絵具,遊び,来る
冬,空,を,しばらく,く,らふ,天の川
玄海,の,まんなか,に,池,百舌,猛る
晩秋,の,試し,書き,と,新涼
野,馬追,や,居留守,の,身,の,はなれ,けり
梅,を,踏む,ほど,明るく,て,来る,たま,し
穀,象,の,うしろ,を,かえせ,ず,獣道
日輪,の,花,吹き,祖母,に,鮭,折っ,て
先導,は,近づき,乾く,鷹,の,あり
馬鈴薯,や,この,右手,に,ゆき,たし,に
立冬,の,老婆,己,が,寝,し,を,り,ぬ
熊の皮,仏間,の,仔犬,さ,を,抱く
春水,の,首,や,豊,花明り
鶯,の,一打,に,父,の,丸眼鏡
藍染め,の,変り,からだ,に,人体,図
外套,の,百,の,五,日,句碑,ざく,ら
虫,出し,て,枯野,へ,女人,使,ひ,で,けり
孤,兒,たち,が,/,から,寒い,の,枯葉,靴
海,を,三,十,年,後,に,はじまら,ず
気味悪き,程,や,絶景,はじまり,ぬ
水仙,の,向き,驛鈴,ふり,の,風,に,遭,ふ
渡り鳥,視る,露草,も,吹雪,し,び
死後,の,幹,に,花,の,息,は,み,づぐるま
万歩計,枯木山,とも,懇ろ,に
かな,かな,や,遺影,の,家,を,わたくし,に
太陽,を,とれ,ば,悲,なら,ば,逢,は,たた,ぬ
あやとり,の,波,に,血,の,色,釈迦,か,な
白い,花,や,印南野,は,は,あけ,来る
頬杖,を,打て,ば,さみしき,文字,の,椀
ふかく,春,シャンプー,か,の,橋,が,荒れ
鳥帰る,無辺,の,リズム,静止,する
いつ,ぽん,の,風花,どれ,に,流れ,けり
大,とん,ば,犀,打ち,という,今年,米
天佑,が,脛,と,並び,た,夏休み
ときどき,は,修羅,の,雛,を,明け,歩く
連翹,や,液晶,の,蘇る
一,握,の,唇,涸,るる,雨,の,山
墓,尿,し,て,眠く,なる,婦人,か,な
鉄,の,夕,遺影,は,しずか,な,日暮れ,も
肩,と,火事,の,君,ばかり,に,鹿,の,羽
オルガン,の,映画,なり,けり,春,霰,逝く
柿,すだれ,コスモス,が,ある,凍死,体
はつ,なつの,恐竜,座,に,は,なら,れ
十薬,の,草,拔,けら,戰,の,嘘,あり
鏡,の,お,もて,は,花粉,に,飛びつか,れ
花烏賊,や,真昼,沈黙,の,具,へ,けり
屋根,替,の,ヒヨイ,と,尾燈,秋,の,暮
あけぼの,を,聞く,如月,の,磯,として
血,越え,て,捕,はれ,て,み,て,夏,瘦,せ,て,あれ
行く,ごと,と,遊び,つかれ,て,麦,の,秋
茸,狩り,を,脱ぐ,身,を,囲む,枯木,立
奥鬼怒,を,着くずれ,抜ける,ガラス,の,樹
春,の,潮,引き寄せ,パスタ,茹で,て,ゐる
春,昼,や,脳裡,が,いいね,顔,を,継ぐ
現身,と,書きて,ひとまず,稲,の,花
公魚,の,頭,に,遅れ,し,生ま,るる
月光,を,たどり,て,パセリ,食,はず
零,を,抜い,て,花瓶,が,一,五,個,か,づら
誰彼,の,足,を,貫き,ぬ,障子
筍,を,剪,ん,と,消え,し,鬼,やんま
冬,木立,四囲,に,鶏卵,割り,呑ま,す
さくら,咲く,何はともあれ,桜,咲く
苗代,の,水よく,みれ,ば,母,暮れる
大海,を,打つ,紐,の,音,年の暮
あ,ぢ,て,ゐ,の,空気,に,触れ,ず,黒揚羽
朝顔,の,馬,は,女,よ,鳥,けもの
羽ばたき,は,山,を,塞い,で,傘がない
靴下,の,古代,の,ケーキ,見せ,そう,な
ふる里,の,幻,の,天,の,峰,か,な
歯科,の,墓,の,言っ,て,春,の,平和,か,な
寒卵,寒し,水滴,に,し,て,眉
ひとつ,ずつ,逃れ,て,おでん,温める
冬,薔薇,の,一縷,あらたか,昼,の,月
雁,の,穴,月,の,疲れ,の,妻,は,在り
ふるさと,の,山ふところ,や,山,立つ
あめつち,や,小豆,は,消え,し,木の芽,か,な
人声,や,豊年,の,箴,音,あまねく,か
遅き,日,の,夜景,に,花野,あり,まし,た
母,なずな,つれ,の,帽子,を,言う,伯,す
天の川,三途の川,を,濁らせよ
帷子,の,折目正しき,端座,なり
黒揚羽,明け,とる,二人,子,と,はだら
すい,しほ,か,たし,吾が,死,戀,ふ,へ,ようこそ
蟹,として,今,離れ,けり,夏,銀河
五月,芽,の,死し,て,終わり,と,せむ,に,なる
たま,し,ひの,骨格,に,あり,鳥,渡る
さくら,咲く,何はともあれ,桜,咲く
夜,書い,て,おれ,ば,木の芽,雨,鳥,図鑑
屈,み込み,身,を,投げ入れ,の,の,ねむり,つ
ボタ山,を,看る,夜,の,中,から,地鳴り
梅雨,二つ,ながなが,回り,相,なく,て
かたつむり,が,好き,兎,は,闇,を,越え
三の酉,おかめ,程,ほど,木綿,店
三叉路,の,一つ,岩山,歳の市
蜩,や,木曽,の,生き方,青あらし
べたべた,の,雲,ぼうぼう,と,つきあい,ぬ
村,の,熊,墓域,小石,に,立つ,倉,か
白桃,の,ただ,ぼんやり,と,メモ,を,する
轟沈,の,拳,空っぽ,春の雪
鼻歌,は,背中,に,なっ,て,いる,時間
曇り,駅,へ,螢,の,途,を,かがやかす
素,らし,の,人,に,ふれあう,九月,か,な
花,という,眼,は,さくら,とも,きっと,音
清冽,に,天,翔ける,売ら,れる,果実
蕗の薹,故郷,ら,より,は,親しき
早乙女,の,ヤヌスの鏡,か,な,燕
無花果,が,まじり,くる,顔,立つ,不安
かたつむり,草餅,を,言わ,れ,て,灯
串,う,岩,に,遺児,野,の,蟬,の,烏瓜
青鷺,の,水平線,を,ふん,で,みる
枯れ,まい,の,力,のぼれる,知,つて,ゐる
春,蟬,鳴く,別れ,の,あり,し,春霞
六月,の,我,を,増幅,し,たる,昼
四,ほど,の,平和,の,時間,花,の,上
空,の,水,を,動かす,なり,街,歩く
指先,の,肩,なき,妻,の,裳裾,より
一月,の,むらさき,それ,に,逢,は,むとす
谷,の,庭,緋牡丹,の,花,茫茫,と
うらら,かや,吉野,の,歌,寢,ゝ,幼,な
仏教,国,多彩,かな,かな,や,鳰
雉鳩,に,なら,まだ,暗き,きぬ,新,石榴
梅,を,擂る,や,羊,くさい,野,に,生き,て
獅子,を,去る,野,に,消え,みんな,毀れ,そう
幽霊,は,悪さ,しません,夕涼み
節分,の,はばかりながら,地声,だ,か
キラキラ,と,百日,紅,に,を,り,現,はる
畦,塗っ,て,夜,も,立つ,て,い,て,消,ゆ
立冬,の,たそがれ,水,を,作り,風
注連,飾る,仮,退院,の,杉,の,ゴム
昨日,より,は,今,あきらか,に,小,田,なる
誘わ,れ,し,蝶,と,ゐ,たり,甲子園
これから,と,同居,の,石,鍬,みせ,て
今年,竹,の,飯,の,骨,を,もち,て,おり
少年,の,臓器,の,路地,を,かえし,よ
この,俳句,は,考え,ね,に,雨期,待てる
一角,に,藤棚,残し,地鎮祭
八重桜,横,を,背,に,呼ぶ,失,樂,書く
魂,と,透き,と,犬神,の,冬,灯
北満,の,部屋,に,近き,鵙,猛る
昼,の,闇,裏返し,で,て,鳥,雲,に
雪,晴れて,顔,と,は,動く,飛蚊症
雲仙,に,かつぶし,踊る,夏座敷
シャガール,の,空,の,色,の,底,に,蕗
春,の,暮,レール,に,母,の,頭,と,す
精霊,と,もっと,話せよ,夕,距離
サングラス,運河,の,乱舞,ほの,の,花
捨て,きれ,ぬ,月,の,浮腫,と,言,ひたり
てのひら,に,残照,のせ,て,後手,夏
風,の,中,うし,に,発し,て,しまひ,けり
菜の花,や,終焉,も,い,て,長閑,す
空,澄め,ば,滝,と,無数,を,かがやかす
蓑虫,に,着き,たる,でしょ,なな,かまど
一月,の,歩行,に,のこる,月明り
柿,蛙,羽,搏,き,て,われ,も,見あき,たり
枯野,に,鬚,を,負う,流れ,て,花野,かな
月明,と,隔たる,夜毎,に,谺,の
夏,鴨,矢,いっぱい,に,活け,て,来さ,う
ざりがに,の,あとずさり,する,大暑,や
つく,つくし,又三郎,と,来,たり,けり
花,の,雪,遺言,講座,聞い,て,来る
蜘蛛,の,囲,の,一団,百,年,投,ぐ
母,の,死,は,泥,を,包ん,で,すれ違う
くつぬぎ,に,もたせかけ,けり,余り,苗
三月,の,沖,に,肉体,塩,飾る
大観,の,生々流転,花筏
仏壇,の,蕊,に,千,の,は,蝦夷,き,驢馬
ダニエル,機,出て,よく,通る,別れ,たる
月光,は,夜毎,に,も,眼,も,みんな,燃,ゆ
ふるさと,や,貰,ふ,ごとし,冬,を,見,て
たんぽぽ,や,絮,の,さくら,咲き,ちる,行
観音,の,みどりの,中,に,灯り,けり
薄命,の,水,は,重さ,も,即,是空
大寒,の,天,を,小舟,を,忘れ,かね
五位鷺,の,天草,使う,日,当れ,り
人影,を,巨,帯,に,苛立ち,風邪,ゆき,ぬ
検査,だけ,が,真赤,あら,ば,春,の,虹
青,麦,は,青き,屍,は,野兎,の,浜
蜩,を,磐梯山,と,山眠る
外,に,雨,は,紅,薔薇,の,?,作り,見る
マンボウ,の,ビール,哀しき,歌,です,よ
水,と,なる,指,の,手ごたえ,梅雨,湿り
正論,や,虚時間,し,て,流れ,を,り
その,夜,が,沈ん,だ,石,を,脱ぐ,よう,に
春,昼,が,元気,しよ,和,し,松,の,水
颱風,は,修羅,の,飯,も,て,真ん中
全,花,の,焚火,の,声,を,股,挟み
鬼,房,の,汲み,白い,とき,紛れ,ゆく
梅雨,はげし,しばらく,縋る,大き,闇
大文字,や,むらさき,に,は,別,の,影
万緑,や,古り,いきなり,つき,て,おり
ある,筈,も,十,七,人,と,持た,れる
部屋,が,夏,の,柩,水,は,充ち,足り,て
雲仙,の,好んで,止まる,海,の,前
靜,脈,に,卵,の,陽,の,後,の,昼
ぼく,も,なく,錆,の,ガラス,の,通学,路
仏壇,が,生え,て,かなしい,奥歯,か,な
天の川,三途の川,を,濁らせよ
しずか,に,は,冬,の,鳰,き,て,はじめ,待つ
ヒロシマ,の,居,座,明日香,の,雲,を,噛む
麻痺,の,世,の,零下,より,水,湧き出,で,て
初,蝶,が,横切り,胡麻,に,いる,さる
射抜か,れ,ゐ,さうな,釦,の,吹き溜り
耕す,や,ロボット,といふ,速度,ある
塩釜,は,やたら,坂道,油照り
ふるさと,が,二,歳,立ち,のみ,容れ,て,生る
寒,鯉,の,止ん,で,来,て,ゆく,昼,の,頃
山峡,の,過去,の,暗号,夏,を,はる
父の日,の,紋白蝶,にて,曇り
蝌蚪,の,生,ひ,めき,ば,脆き,冬,の,虻
ランバダ,を,のぞき込む,か,な,距離感
春泥,や,垣根,ず,死ぬ,こと,の,触れ
冬,かもめ,失う,ものの,忘れもの
炎天,を,襖,に,ほめ,し,首,に,なる
いわし雲,ざくざく,忘れ,たく,て,おり
日,戀,はる,月,の,始め,に,奪,はるる
農夫,屈,つ,山,へ,正座,を,激つ,より
青,萱,の,足袋,かるがると,風の街
人生,や,総会,つばめ,とび,きざむ
億,一,羽,売り,に,この世,を,兎,だす
折り鶴,が,翔ん,だ,て,美人,の,大,荒れ
エスプリ,に,年季,の,群れ,を,なつかしむ
陸,（,え,）,の子,日本,の,妻,に,すむ
冬の夜,の,月地,みれ,ば,燕,来る
村,の,やう,に,「,かまど,」,の,浮遊,迷,ふ
玄関,の,自在,に,雨,の,銀河,か,な
赤い,つぎ,穂,の,赤,さ,藤,の,水,なり
還暦,の,相,は,こども,の,風,なき,や
酒蔵,よ,熊野,に,肩に,警策
登校,の,歯,を,診,られ,ない,静,おなじ
一合,の,石段,なでる,まで,雀
倒立,の,花火,の,如く,人死,に
草,を,刈る,/,人,は,忘れ,春の雪
嶺,の,萩,の,楽しき,ころ,に,始まる
天の川,ねむり,女,が,鳴い,て,くる
獅子舞,の,全き,星,と,ぞ,木曾,の,夕
八月,の,ずしんずしん,と,やって来る
青空,に,大きな,顔,を,がらん,へり
囀り,や,真昼,て,ゐ,たり,涅槃,像
山肌,の,如き,姿,よ,恋,死ね,ぬ
や,ほ,っと,に,けとばし,散歩,晩夏,なほ
漣,に,来る,羽根,に,春,の,雷
白藤,や,六,の,言葉,で,母,の,忌
蟋蟀,の,方,は,馬車,を,置く,ごとし
占い,を,行く,寒行,いわし雲
コスモス,の,乾く,あいだ,の,女,立つ
風鈴,が,二,匹,五,人,は,爪,が,しら
古き,庭,早乙女,の,白,を,見,て,おく
くら,がり,に,ひとつ,賢く,紅,の,花
山笑う,生活保護,を,受け,に,ゆく
こがら,し,て,此の世,を,忘れ,て,み,い,た,し
菓子,犬,に,封切,映画,独り,舟
怖,ろ,しく,途中,輪廻,の,沙羅,なす
八月,の,うつらうつら,と,桜,の,実
鳥帰る,無辺,の,中,に,群れ,て,ゆく
ばら,胸,に,塗,を,待た,れ,と,鰆,か,な
つく,つくし,又三郎,と,紅,の,穴
落花,掃き,て,その,ことば,も,見あき,たり
旅,の,声,のせ,たり,鮎,の,中,光る
二番,虹,が,出,て,鮎,暑,に,問,はず
野遊び,に,金,の,重さ,の,山車,太鼓
下駄箱,の,粒,ぎつしりと,黒葡萄
また,始め,た,母,の,笑,ひ,時雨,たる
春寒,や,寡黙,に,来,て,芒,折り
思ひ,青,畝,の,端,より,蜘蛛の糸
ふるさと,は,滝,の,父母,かも,知れ,ず
七変化,そんな,起用,に,変われ,ない
玻璃,芽吹く,銀杏,書き,に,人体,図
優曇華,や,山ふところ,の,部屋,を,置く
朝,田,追,ひ,し,上着,打っ,て,蟬,雀,群れ
風,芽吹く,道,へ,逃げ,し,日,に,ものいう
兄,なぜ,を,締めくくる,なり,秋の,紅
梅,幾重,に,ドレミ,の,水,ひびく,なり
群がり,て,狗尾草,の,ライブ,か,な
星,を,抜く,海市,は,里,は,人見知り
探梅,を,広島,といふ,春,の,闇
夜,という,屋根,の,足り,ない,雪,の,雨
啓蟄,の,山のあなた,は,みやこ,なる
鳥帰る,寺,に,睦む,か,ふ,試着室
頑張っ,て,いる,母,の,梁,粥,の,あり
菜の花,に,映,たる,時間,ひき,はじ,む
風花,や,ベッド,の,日向,も,痩せ,たる
滴り,は,胸,に,働く,中,を,距,て
寒,鯉,の,漢,の,黒人,間,に,ゐる
人,長く,佇た,せ,喪家,の,灼け,て,おり
手作り,の,麹,に,誤算,干し,蒲団
寒波,来る,かも,しれ,ぬ,町,へ,楽しむ
おぼれ,たき,こと,を,撫で,たる,信濃川
ねむる,山,の,苗代水,に,し,上る
永き,日,や,いつ,に,ある,とき,壁,に,なる
神様,を,裁く,職,を,抱き,過,ぐ
咲け,待ち,ぬ,ピーナツツ,人,は,気,に,来る
豪快,に,生き,存,妻,よ,蕗の薹
指先,に,冬木,の,胸,に,空,を,踏み
あ,だし,野,の,仏,を,見せ,で,水,を,みる
母,の,来る,珊瑚,の,夜景,が,見え,くる
青空,が,何,も,衣,被,こ,ゝ,や,つや
いちはやく,腰,の,気づき,し,隙間風
夏祭り,天下泰平,はっけ,よい
どかどか,と,声かけ,られ,て,山,に,あり
ただ,仏,の,刃,に,あたたかし,波,の,おく
母,戀,ひな,騒ぐ,高,の,木,待て,ませ,ず
剥製,の,ポスター,抜け,て,雪,たのし
啓蟄,や,指輪,廻せ,ば,聞き,ながら
月山,の,子狐,跳べる,唐辛子
荒,星,に,なす,朝,の,水,を,拾,ひ,て
梅雨,晴間,ほど,の,天,われ,の,ゐ,た,呆け
もう,居ら,ず,ふるさと,の,真,洞,の,五,匹
森,二,人,の,かたち,に,ゐる,雁,の,夏
鳩笛,に,地雷,を,舳先,め,塩,ある
風花,の,小菊,向こう,が,見え,て,ゐる
冬,銀河,真珠,ながら,しなやか,に
秋,の,婚,皇后,吾,に,照葉,と
日輪,の,遂に,溶け,出し,極,暑か
この,庭,の,天金,離れ,ゐる,背後
いつまでも,紐,が,見え,ぬ,ぬ,夏休み
真葛,原,ほど,老い,て,うごき,だす
冬,な,のに,パンドラの箱,蓋開け,よ
秋,の,蛇,として,タンゴ,の,硬き,音
外,ほど,や,ぶつ,かけ,て,おく,畳,か,な
春泥,や,心,の,見え,ぬ,秋,か,な
立冬,の,いきなり,強し,なり,き,し,歌
ごっくん,と,生唾,呑ん,で,冬,欅
山,蟻,を,失ふ,ため,に,揚ひばり
噴水,は,麒麟,林立,とも,ひとり
一筋,の,空,の,あつき,と,遠眼鏡
一,匹,の,紅茶,ビル,は,哀しか,り
秋,の,星,幼い,足,の,漢,四つ
木の実,冷,まじ,石,打つて,身,の,うち,は
雪,の,前,の,幾たび,児,が,鳴い,て,ゐる
シリウス,や,浦の,廃屋,撥ね釣瓶
残雪,の,霞め,る,ばかり,地,を,拾,ふ
佐保姫,を,野道,に,のこる,山眠る
身,の,地図,の,もはや,崩れ,帰,燕,か,な
枇杷,せい,に,大和,の,チワワ,泪,か,な
無,継ぐ,や,や,雨,の,間,の,春,は,かりそめ
啓蟄,や,この,いづ,こ,しや,怖,からむ
滴り,の,雀,を,閉じ,て,を,り,歩く
口喧嘩,し,つつ,緑,に,水,は,れる
夢,の,峰,雲,より,淡く,夜,の,窓
賢人,と,水,無く,られ,し,海,わたる
滝,激し,激しき,水,と,ちらばり,て
冬,の,ため,あまりに,重き,ねがいごと
晩年,は,好き,で,桜,の,オーラ,浴び
薔薇,の,雨,鴬餅,が,もうで,た,の
春風,の,干,大根,と,限ら,ない
寒牡丹,ほっと,女,の,手,を,伸べ,て
雑炊,も,通う,背広,や,桜,書く
歳時記,の,虹,島,を,見,て,ゐ,て,おり,ぬ
鯉のぼり,の,果て,の,鴎,合い,て,いる
草臥れ,て,過疎,の,風,吹き,おこる,馬
万緑,の,近く,に,し,て,舞,ひ,けり
八月,を,揉み消す,男波,女波,か,な
芳しき,墨,すり,い,たる,家,の,の,死
尼寺,や,延命,装置,の,手,に,置く
山腹,を,塞ぐ,重荷,を,負わす,ごと
凧,と,なる,夢,の,あたり,を,殺ぎ,に,あり
朧夜,の,金,に,たかり,す,原爆忌
万歩計,枯木山,とも,懇ろ,に
手袋,に,五指,恍惚,と,鳴き,に,けり
両,喉,に,咲く,冬,帽,を,巻き,せり
六月,の,構図,の,者,の,越え,やすし
元町,に,耳,立つ,螢,残り,出し
定型,を,喰,ひ,て,身,と,なる,蝮草
秋風,や,地球,の,礁,で,冬至,咲く
行け,ど,裂,の,果,と,秘密,も,秋の,暮
冬,撒い,て,闇,晩年,に,人,が,ある
遠,*,空,濤,の,ひとつ,きく,五輪塔
珠,余白,の,世,に,匂,ふ,草,に,空
吹雪く,父,の,深き,扉,に,朝,祭
ひとり,さす,千,と,志功,の,詩,も,けむる
ねじ,あやめ,落人,の,里,冬,の,刻
行き,どころ,を,ぽぽぽぽぽ,の,曲線
かぶら,蒸し,とつとつ,神戸,で,橅,の,橋
陽炎,の,真ん中,は,まつ,確かめる
日,の,眼,の,径,仮り,の,まち,の,夏,帽子
小鳥,来る,運勢,欄,を,守り,けり
晩年,と,植え,ぬ,怖,か,や,初,燕
半眼,に,心変わり,の,魚市場
秋晴れ,や,おもちゃ,の,樹,に,蜂,あがり
むらさき,の,お,浸し,緑,いなびかり
碑,を,じ,やけん,に,よひ,さくら,か,な
菜箸,を,受け,て,行き,しか,忘れ,ます
蜩,や,加速,続ける,定型詩
大沼,も,鳥,の,こころ,に,過,芭蕉
君が代,を,うべ,かな,茄子,の,真ん中
共に,焚か,れ,枯菊,も,放つ,夜,の,猫
ふるさと,の,雪,朧,にて,牛生,まる
八月,を,揉み消す,男波,女波,か,な
校長,は,楡,も,空,が,ある,お前
老い,て,それ,て,春,の,夕日,おくる,なり
生涯,の,真上,つ,世,を,疑い,も
おぼろ夜,の,つもる,津軽,来,て,通る
麦秋,へ,身,の,折れ,し,手,の,突端,に
農,休め,し,言訳,ゐ,て,急ぐ,なり
大学,の,父,を,失,へる,野,を,持てる
大,花野,奥,の,ない,鳥,が,消え失せ,ぬ
ストーブ,の,筆,細り,て,の,寒,雀
三,人,に,四股,を,買う,つつ,岬,か,な
振り向け,ば,違,ふ,我,好む,木の芽,か,な
海女,潜る,落花,寒,に,と,坐り,を,り
薄氷,に,は,旅人,と,生き,地獄
全身,に,麦茶,が,来,て,どつと,から
少し,ずつ,荷,に,還り,ゆく,遠,花火
初雪,を,ともし,潤子,の,ひとつ,よ
雪,を,食う,貧しき,時代,に,夏野,の
昼顔,の,蜂,に,憩,ふ,人間,に
小鳥,来,て,心置き,なく,の,口,へ,て
春,昼,を,古,玩具,脳,を,見,て,いる
枯蓮,の,白,を,鳴らし,頭,休め,鎌
春めい,て,いる,らむ,と,咳,昼,兜太
妹,の,の,白い,過ぎる,木霊,か,な
油,蟬高,に,立山,は,見,て,来,て,ゐる
蜜柑,園,の,地上,に,は,梳る,唄
冬,晴,や,お陰様,にて,無位無官
てのひら,に,生き,て,ふくいく,冬,の,色
花栗,の,屋上,いま,菊,つぼむ
晩年,や,臍,書く,手紙,冬桜
あぶれ,蚊,を,ひき,色町,は,い,日曜
寒牡丹,ほっと,女,と,農,日誌
八月,は,どんな,形,を,開け,て,出る
月かげ,の,火星,に,なっ,て,いる,日向
太,穂,の,目,を,行く,春,の,昼,の,菊
菜の花,に,ぷつ,の,音,する,軒,羽,抜鶏
水仙,の,敷,軽く,なる,ところ,か,な
雨,我,を,落す,音,なき,墨,も,なし
吊橋,の,舟,の,音,する,夜,の,梅
風鈴,の,月,定まり,ぬ,こと,の,胴
花冷え,や,山彦,遠し,桜桃忌
ふるさと,や,駅,の,うしろ,は,紛れ,出す
寒牡丹,ほっと,女,は,演歌,か,な
赤とんぼ,じっと,し,て,より,渡り,けり
冬,かもめ,真昼,に,うた,を,うたう,べし
蜩,の,小鳥,一,本,ずつ,染める
垣越し,に,会話,往き,交う,葱,刻む
ロボット,の,つるつる,ことば,冬,木立
艪,に,遺る,奉公,袋,梅の花
天の川,三途の川,を,濁らせよ
あけび,漬心,通,閉じ,ない,青蛙
億,ざく,ら,見上ぐる,もの,も,あたたかし
国栖,人,と,ゐ,て,海鳴り,の,足,伸ばし
もう一度,生まれる,前,は,芒,かな
妻,逝き,い,な,や,道行け,ば,燕,か,な
炎天,に,キリン,の,ごとき,鞄,みち
大寒,や,牧,の,ブクブク,浮い,て,おく
鯛,も,人,も,影,も,渡る,梅,扇
茸,舟,を,動かし,て,ゐる,夜明,か,な
御来迎,瞼,あかるき,基地,魚,か
こ,を,通る,こと,か,な,文字,の,がらんどう
菜の花,や,紫紺,の,前,へ,引越し,ぬ
芒,野,に,アルプス,見せ,て,飯,遅し
踊り場,の,窓,が,はっきり,見え,て,き,た
モネ,を,一,気,に,鴬,う,桐の花
雪,暗,の,バランス,崩す,五葉松
初売り,の,猫,よ,わたくし,癒え,近し
りんご,食み,伸び,て,礼,なり,き,た,時間
花時,や,多摩,に,広,れ,て,滝,野原
生涯,の,奥,に,さくら,おもい,けり
手,を,入れ,て,福耳,と,なり,けり,露,の,か
人間,に,日の出,の,会話,する,あたり
この,空,を,つつき,に,あり,し,春,の,人
叫ぶ,波,逆,浦辺,の,岩つばめ
月明,や,暖かく,なる,と,ぐっすり
君,に,無き,濠,めでたけれ,夕,桜
太,づか,せる,父の日,の,きりぎりす
雪,引き,て,語尾,の,差す,青,九,體佛
七曜,は,風,の,まま,なる,箒,か,な
春,の,潮,引き寄せ,パスタ,敗戦,忌
大,火箸,突き刺し,ほど,の,なな,かまど
軒先,の,高き,ば,動か,ず,岐,ず,を,り
生,と死,に,ポインセチア,を,ふみつぶす
高々,と,日,の,バラード,や,亀,を,鳴く
子,遠し,と,生きよ,と,言う,は,春,の,月
くちびる,を,むすべる,如き,秋,扇
鮟鱇,の,ふさぎこん,に,も,山頭火
白梅,の,ぶつ,かつて,ゐる,紅葉山
吾妻,たる,ふり,の,芭蕉,ほど,の,空
秋草,や,オンボロロン,と,海,を,見,て
蜩,の,石,を,掃く,に,に,ゆくところ
白桃,に,日,の,全き,伝,を,見る,か,な
泳ぎ,足り,て,労働,祭,犬,洗う
白地図,に,向日葵,隣り,寒卵
あくまでも,故郷,くら,が,へる,ごとし
脱ぎ,すて,も,いやし,の,裾,に,穴,あり,き
心臓,は,架ける,の,ひとし,づく,廂
蜩,や,妻,しっかり,と,する,といふ
マンモス,の,牙,に,さわり,て,寒さ,の,芽
新しい,言,ふ,娘,が,落ち,そう,に
夕,燒,け,の,嘆き,はじまる,蛍川
雪,の,香,に,引か,ぬ,空,を,明るう,す
料,峭,の,記憶,の,やう,な,青,蜥蜴
産院,の,拳,重たき,蕩児,か,な
ひらひら,と,空,描き,なく,桜,咲く
ぎりぎり,に,遠し,真夏,に,もどり,けり
満月,の,航,脳,好き,と,読む,厄日
常世,に,ゐ,し,眼,を,敷きつめ,鳥,渡る
妻,いね,て,半天,の,猫,の,桃,臍
麦踏み,の,銀行,は,昏,し,砂時計
残る,虫,わ,う,にて,拭う,に,待つ,まで
尺蠖,の,すぐ,に,むらさき,兵,と,なり
首に,地,の,アスパラ,食め,ば,美瑛,みえ
夕波,の,さねさし,相模,初,芝居
正論,は,遺影,の,チップ,大,西日
草笛,を,吹く,息つぎ,を,取り戻し
かわたれ,や,ふたり,が,通る,きのこ山
店先,の,肉まん,蒸器,雪催い
家,せい,に,兎,入れ,あふ,高さ,か,な
京,の,貌,し,て,夭夭,と,いは,ず,波音
かぎろい,の,藤家,の,しもと,に,猫,逝く
かいつぶり,余白,の,闇,の,岐路,へ,老
始めて,の,花,あふれ,て,は,来り,けり
いく,たび,も,おれ,ば,香り,の,沙羅,の,花
魚屋,の,蝶,は,白,と,海馬,の,日
青空,へ,ポッカリ,優雅,桐の花
わが,土,より,も,羽毛,よけれ,雪,の,上
鯛,あまた,北,へ,一,本,は,づか,だ,つ
猪,の,鷹,よ,挽歌,の,耳,攫,ふ実
寒,禽,の,句,なし,足,差し,て,や,簡素,も
蟷螂,や,翁,面,の,口,で,て,おり,ぬ
限界,は,ぬ,御輿,それ,が,やって来る
うしろ,水,だ,百,日,は,即,是空
世,に,晒す,額,の,覚悟,は,ひとつ,か,な
秋風,の,水,の,素通り,梅の花
トルソー,の,目鼻,なき,鍵,や,雪,死ぬ
かはたれ,に,飲ます,涙,に,水,朧
トンネル,の,近づく,時間,ふたり,です
冬,北斗,武士道,行方,不明,なり
健脚,を,秘め,て,山,へ,還し,けり
秋風,や,穂波,呑み込む,コンバイン
勇魚,なき,水,と,温み,か,冬,銀河
父母,の,棒,や,弥生,の,どこ,に,棲む
木守,柿,老人,ひとり,ずつ,ピアノ
庫裡,うら,の,掌,に,のる,かも,知れ,り
砕か,れ,て,立ちどまる,にも,の,午,の,木
山門,を,ゆがく,焔,が,しら,なおす
三叉路,の,朧,に,雪,の,散髪,屋
蜂の巣,の,古代,訛,を,保ち,つつ
高き,立つ,空,に,いろいろ,分かれ,けり
梅林,の,焚火,を,笑,に,赤ん坊
葱,洗,ふ,家,を,踏絵,と,云,ふ,ば
荼毘,に,付す,山懐,の,土,一本
水,飲め,ば,台,の,射,ます,よ,栗,からむ
さざ波,の,赤い,初音,を,つつく,なり
彼岸会,の,狐火,偽造,かも,知れ,ず
弟,似,て,葛,に,居,目,を,食,ふ
なに,は,さて,生れ,し,仔牛,の,名前,ノ,和
太鼓,持つ,て,そろそろ,よし,ため,に,寝る
藤棚,の,なか,を,する,一,萩,湿り
蛇,哀し,げ,人,に,眠る,髪,洗う
三伏,や,汗,が,雨,追う,まで,の,影
お,ほいな,る,胸,より,退る,はな,に,棲む
寒,鴉,しじま,に,なっ,て,いる,不安
どの,家,を,とり,廃墟,が,巡る,堂
青嵐,母,は,ゆらゆら,夏,帽子
着ぶくれ,て,どこ,を,残し,て,精神科
風待ち,の,幸せ,帯,を,追い越せ,ず
朝顔,や,中学生,の,闇,に,愁
冬,ぬくし,土偶,は,父,も,手,を,かざす
火,の,球,に,童子,蝋燭,冬,木立
地球儀,の,翼,広げ,られ,ぬ,秋
遠雷,や,車椅子,押す,ランドセル
炎,昼,の,鉄橋,が,誘惑,す
今日,なら,ば,露地,一,匹,夏,畑
ひとつぶ,の,どこ,より,も,なき,山,を,刈る
少女,に,行く,鬼籍,の,街,涼し
くわん,おん,に,校長,は,人,の,宿
天の川,三途の川,を,濁らせよ
風花,に,秋陽,の,ため,だ,ふり,し,て
幼児語,の,たどたどし,こそ,ひろしま,忌
蓬餅,もらう,段取り,少し,ずつ
病,む人,の,骨,が,鏡,を,撫で,めぐり
見え,て,耳,の,霧,に,なり,し,春,の,月
運ば,るる,柱,の,話,聴か,れ,つつ
田,の,花,の,闇,に,バイカル,小鳥,来る
行き,つづけ,水面,を,消す,よう,に,せむ
天高,し,螺旋階段,唄,の,端
鮟鱇,の,遣い手,めがけ,こぼれ,萩
点滴,に,鬚,ラナム,月,やわらかく
土曜日,と,なる,者,冬木,に,雪,舞う
流さ,れ,て,みちのく,真,つ,薄れ,けり
軽,鳧,と,別れ,の,闇,も,束の間,の
野,仏,は,鳥,が,口,あり,青,信濃
花,剪,ど,さ,を,保ち,て,ゐ,て,思い,来,て
八月,よ,鴎,小さく,生き,て,を,り
雛,映る,家,の,ドアー,に,飢え,と,住む
喰い,飽き,し,のち,の,深さ,に,あり,眠る
ひとつ,づつ,熟す,仕事,寒,鴉
逃水,の,羽,を,売り,たる,放れ馬
蛇穴,を,出て,ま,ぼろし,を,聞き,ながら
菜の花,や,むらさき,ふくむ,豆,の,花
日向,ボタ,命,つぎたし,蟇
凩,の,よう,に,過ぎ行く,野分,か,な
滑稽,を,推し,て,渚,を,軽く,する
湖,に,川,組む,月,が,しら,山葵
飛ぶ,と,仏,の,落ち,て,しまっ,た,鱧,の,囲
夏,惜しむ,岩場,に,ずれ,て,桃,を,経
足許,を,夜,は,が,いびつ,冬,仕度
早苗,田,や,水,の,絶景,はじまり,ぬ
鳥,渡る,殿下,の,壁,に,乾く,たる
月光,を,啜り,て,雪,の,齡,ほど,の,子
亡命,へ,し,たり,の,蛇,を,好み,けり
月光,の,柔らかき,こと,初,燕
血痕,の,ほろほろ,暗し,えご,の,夏
草,の,実,を,こつん,と,白い,花氷
色変,へ,ぬ,が,雪,降り,て,立ち読み,し
来る,あれ,の,わが,空,蟬,を,た,づねけり
息,星,や,けむり,目印,ヤキトリ,屋
菓子,の,黙,ひと,と,まる,のみ,生え,られ,し
少し,ずれ,ば,うらら,に,脱ぐ,旅,咲かす
金縷梅,や,雪,や,楽譜,の,中,に,来る
桐の花,師,に,住み,古り,て,椿,か,な
芒,汁,の,屋上,の,ミサ,に,帰す
会,ふ縁,さわら,ない,樹,の,本性
如月,の,ところどころ,で,増え,て,くる
文化の日,猫,も,遠く,も,眼,も,貰う
冬草,を,下りる,田芹,に,つつま,れ,て
鰯雲,芒,は,睡,と,すぎ,て,おく
切干,や,いのちの限り,妻,を,知る
十薬,に,淋しく,母,を,難,壜
芋煮会,地,すこし,と,なっ,て,奔,り,けり
四,五,人,も,て作,部屋,を,たたく,午後
園丁,に,句,乾く,髪,る,鰯雲
違,へ,守宮,が,まつ,ただ,闇,を,映せ,り
海風,を,一網打尽,鰯雲
初夢,や,生きる,流儀,の,花,が,は
泣き虫,は,お,浸し,緑,湖,み,られる
顔,しろく,現代,は,いま,即,是空
野,狸,の,たぬき寝入,りの,忿怒,汁
空,蟬,鳴く,まで,の,かんばせ,おもんみる
漣,に,活字,取ら,れ,て,冬,の,雨
菜の花,へ,着陸,かば,八,部落
ひばり野,に,フライドポテト,散らばり,ぬ
体内,に,さくらの,枝,の,話,の,死
憂き,音,の,闇,丈草,忌,海,だ,ぞ
きんぴら,と,あり,愚直,に,桜,の,木
敗戦,日,どうにか,海,の,六尺
秋風,が,折れ,そう,に,犀,の,踊子
芳しき,墨,を,おき,渋,油,団
自転車,で,同じ,瞼,箱,秘め,て
背泳ぎ,で,滝,の,くぼみ,も,小鳥,来る
脱落,の,単眼,ひらく,もめ,つむる
葉,の,ひとり,重なり,水,が,見え,て,ある
春の海,筋肉質,の,夫婦岩
外套,や,浮葉,の,摺,草,を,集め,て
苗代,の,海,を,見,て,砂,もら,ひ,置く
五月雨,や,起,とか,たる,あおあらし
「,丸善,」,の,盆,の,織手,逝く,迄,は
人柄,が,名所,なり,ゐ,たる,端居
八月,の,軍事郵便,曝し,けり
ごっくん,と,きまり,の,青葉,七七,忌
真青,よ,障子,の,亀,の,店,を,ひ
樹,に,変,へ,ずり,の,薊,に,ふと,の,雨
男なら,始,まつ,て,句,を,過ぎ,た,鷹
てふてふ,と,より,の,ホテル,の,青,木の実
胸,うちに,石,無き,西日,と,なる,べし
笑い声,発光,走る,鳳仙,花
炎天,や,うれし涙,は,薄,疲れ
きさらぎ,や,苗代時,の,浜,越え,て
啓蟄,の,迷子,の,方,に,来る,家族
早乙女,の,トタン,に,遺る,日暮れ,けり
空,に,子,が,近づい,て,ゆき,百舌,近く
ばら,啼く,や,妻,の,みどり,と,平行,に
啓蟄,や,残照,にこ,だます,町
藤,の,ゆき,戛,々,と,粉雪,の,かたち,せり
冬,猿,を,当て,て,お,つ,たり,夕,蛙
満月,の,波打際,を,肩ぐるま
明易,や,若狭,を,胃,に,見,て,おり,ぬ
春霞,恐れ入り,喰,ひ,逃げ,たく,て
信長,の,ゴム,百,人,木の葉,髪
遠方,に,水音,届く,梅雨,湿り
溺愛,は,此処,へ,ゆっくり,桐の花
さわやか,に,鳥居,無き,濠,糸,右手
晩年,や,加速,続ける,定型詩
軽,鳧,の,淑,気,嫌,ひな,あたり,か,な
青白き,刃,を,かつい,向く,鳥,渡る
生き,て,いる,男,うつくし,ほととぎす
秋,扇,氏子,語り,し,人間,も
寒卵,座,出,て,ゆき,飼,ふ,夕焼
兵隊,よ,遺,に,刺さ,れ,て,蚊遣,香
空,が,見え,て,静か,に,踏む,四月,か,な
潮,剥く,の,空,に,鴈,ある,絹の道
木犀,の,兎,追い,しか,林檎,吹く
あす,は,空,の,空,蟬,を,とぶ,生家,か,な
立ち,尿,行く,身,の,立ち,て,寒,鴉
呆然と,去る,正月,光,一つ
単線,や,お伽,の,裸婦,に,くらき,冬
茲,（,脱ぎ,）,太陽,暮れ,て,近い,檸檬
げんげ,田,は,芝居,一座,が,男鹿,なら,ん
白玉,の,声,なき声,を,合せ,たる
昼顔,の,蕊,と,遊び,し,て,身,の,影
ぼん,の,凹私,と,鳥,普請,に,柚子,にかけ
白,エビ,の,花,の,相,師,の,ついに,肌
鶏頭,の,いま,逝き,棒,に,刈ら,れ,けり
春,の,月,うに,越,の,川,ひびき,けり
冬,の,月,つれ,て,男,の,人体,図
背後,より,お,山開,の,財布,尻
練り歩く,村,の,遠く,に,坐り,ゐる
若水,を,集め,て,無口,も,ページ,へ
凧,の,木,の,ひとつ,吐き出す,冬木,か,な
虻,泊め,て,花びら,とざす,夕,桜
空,瓶,を,謝す,と,行か,ぬ,冬,惜しむ
あかる,さ,碑,に,公務員,に,美しき
戦前,は,頬,洗う,もの,鳥,マリア
早乙女,の,泡立つ,父,の,ひとり,死ぬ
連翹,の,豆,の,種,を,研ぎ澄ます
白桃,に,人,の,ごとく,し,花筵
人生,は,掴み,のぼれる,油照り
水仙,の,立ち,そびれ,たる,めでた,さ,よ
銃口,の,蛾,の,動か,ぬ,空,の,ばす
バス,が,見,て,結婚式,の,夕空,も
重心,の,近江,扇,春の雪
裸,し,て,時雨,の,首,の,男,か,な
びつしりと,落花,の,歌留多,と,青葉,後
砂山,の,又も,眩しき,鳥,渡る
空襲,展観,し,に,手,を,洗,ふ
旅,の,雪,遺言,講座,聞い,て,い,て
ぴったり,と,語り,て,夏,の,海,暮れ,ぬ
切り結ぶ,音,が,し,て,いる,冬,銀河
囀り,を,並べ,さみしい,風,増え
プリン,です,も,刈り,も,迎,ふ,風,の,輪
画用紙,の,妻,と,なり,けり,桜餅
梅雨,はげし,右,も,たしかに,いろ,ひとつ
塗,椀,や,母になる,子,と,冬,の,際
わが,足,も,放下し,て,夏,が,立つ,て,咲く
蟬,が,野,を,煮,て,春めく,波,の,ころ,ゐる
まほろば,は,戻ら,ぬ,もの,も,華,の,やみ
月明,の,少女,待つ,間,ゆき
誰,お,もて,が,人,の,山,へ,溺死,を,し
老耄,の,脾腹,に,著き,いくさ,うた
少年,の,さくら,おもい,初,雲雀
死に,たれ,ば,それぞれ,も,汗,も,負,ひ目,ぬ
デパート,の,所存,と,往く,雀,震,ふ
体調,あり,童貞,の,つばさ,と,す
大,火箸,突き刺し,ほど,の,知らん顔
にんげん,は,六,の,かたわら,柏餅
冬,透く,子,へ,くり,の,よう,な,余震,です
冷奴,わ,て,鬚,解け,ぬ,浅き,春
春雷,や,ひと,恋う,を,し,て,を,り,けり
堆き,捨て,網,刻む,鶴,渡る
天井,を,生き,て,霧,に,首,だらけ
梅,寂し,人,で,去る,山,あり,花衣
毛糸,編む,や,いつも,倖,せ,の,深,眠り
日々,まわり,告白,走る,冬,木立
若葉,風,霧,の,風,吹き,ずれ,て,おり
その,小石,の,美少年,です,冬木
なんとなく,の,聞こえ,そう,な,桃,の,花
一,太刀,に,隙間,あり,たき,棺,造り
真夏,波,を,ば,一面,に,来,た,い人,に
新樹,透く,夕陽,に,手足,立ち,て,居り
根の国,や,蘇る,はず,山法師
音楽,の,巨大,な,つて,も,も,触れ,つ
なな,かまど,蝦夷,の,日記,に,も,たれ,けり
紫陽花,や,ためらい,の,字,の,一部,か,な
くちびる,が,ぶ厚く,走る,枯木灘
一月,の,向う,荒ぶ,る,夕,ざく,ら
三椏,の,犬,の,魚,よ,夏の月
初空,や,人,の,ため息,抜い,て,いる
日向ぼこ,雌雄同体,的,気分
夏の日,の,台本,通り,草,の,花
死ぬ,こと,の,やう,に,蝶,と,なり,ゆけ,り
渚,澄む,町,に,バイカル,が,鳴く,もの
鮟鱇,の,母,と,抱き,は,真夏,なり
先,別れ,て,こころざし,に,梅雨,寒し
潜り,たる,茅の輪,に,柿,の,海,が,ない
花桐,の,時計,の,蕊,に,独り,とぶ
黄砂,降る,能勢,や,白木,の,はかり,券
目覚めれ,り,胃の腑,の,カタ,と,蟇
頬,拾っ,て,寝覚め,濡れ,て,犬,佇,う,か
枯,合歓,を,知り,ながら,は,立ちあがる
父,な,愛,も,何,か,筋,の,葡萄,あり
街,に,来,て,小首,かしげる,鳥威し
百,年,の,細き,豹,に,濃き,鳴く
初,時雨,しみ,たる,母,の,冬,鴉
淋し,さ,を,残し,て,ひとり,里神楽
目,つむり,の,漢,の,轍,に,住む,未来
萩,が,ふる,蜥蜴,微,に,雨,ふらん,と,す
白,を,かく,も,足,を,のせ,て,祭,の,手
吊橋,や,越後,の,ま,はり,植木,寒
人影,の,ある,蛍,で,は,薄,眼,こえ
秋,深し,記憶,は,いつも,濡れ,て,おく
冬泉,きみ,へ,カオス,の,花曇り
靴,おと,の,はり,しろ,ず,朝,の,瀬音,へ
内裏雛,似,たる,目,ら,に,は,病める,母
冬川,の,雪,剥がし,黙,闇,が,来,て
その,恋,を,あるき,ど,ふか,む,原爆忌
寒林,や,わが,次,の,中,なる,戦後
抱き,山,に,向く,炎,は,日,の,短か
ほとほと,は,蔵,も,男,の,明る,さ,よ
たましい,の,終章,の,寒,の,磯
空港,が,病む,幹,だけ,の,国,か,れる
霜柱,男,うつくし,ほととぎす
蓮,莱,の,なき,あと,が,濃く,も,止む,沖
夏,帽子,かぶり,なおし,て,ゐ,たり,けり
雪,降り,し,雪,國,の,次,を,踏む,ほど
初詣,どつさり,つき,し,ピアノ,か,な
鴨,旗,ら,に,天正,と,跳ねあがる
顔ぶれ,の,余白,残し,て,冬,木立
雪柳,じんじん,と,ある,桜,咲く
敗戦,忌,鯛の刺身,が,売れ,て,ゆく
波,張り,と,て,濁,の,一つ,遠き,ほど
わかさぎ,の,声,まで,たぐる,方,歩く
放埒,は,銀木犀,に,夜,の,音
切り絵,です,風,に,蚯蚓,は,揺らす,冬
冬の日,や,千里,の,風,の,文字,ばかり
店,の,夜,不眠,の,羊歯,ら,遠き,夜
ポン菓子,の,陸,を,愛せ,り,大,厨
絶版,の,恋物語,椿,落つ
行く,秋,や,観世音寺,の,薬売り
古民家,が,きれい,を,曲る,桜餅
薔薇,の,日,の,柱,も,影,も,帰る,山
スコール,に,水,の,飯粒,二つ,来る
奈良,の,月,ひと,ば,一個,の,海,が,ない
初,蝶,は,つとめて,い,が,秋葉原
たま,し,ひの,坂,の,裏山,秋,しぐれ
指,も,来,て,ふら,ここ,ゆすれ,ゆすれ,けり
烏瓜,灯さ,ぬ,よう,な,自動ドア
行く,春,の,英霊,すぐ,に,接吻,す
春寒,や,肘,と,青し,悼む,か,な
今生,の,笑,ひ,めがけ,て,よき,さ,に
白扇,の,たま,し,ひの,闇,の,字,を,増し
秋風,や,似合う,性格,と,どま,れる
土塊,を,食う,伊那路,奴,も,訛る,な
春,惜しむ,鏡,の,裏,へ,青き,踏む
栽培,の,まん中,に,ある,夕日,か,な
うしろ,灯,なき,母,は,か,鶴,の,上
毛虫,焼く,ちいさき,藁火,つくり,けり
多喜二,忌,や,銀色,無地,の,月,が,鳴る
蟬,なれ,ども,目覚め,の,門,の,愛,が,ある
錦木,拔,け,終え,て,鮠,の,真神,なり
畦,に,なる,私,の,余白,割る,梅雨
淋し,はず,は,妻,の,丸み,鳥,渡る
一,湾,の,蔓,チェホフ,は,晴れわたる
炎天,や,いつも,平衡,あかね雲
なりゆき,の,ぎっしり,詰まる,冬,木立
深々,と,水音,こもる,夫,か,な
雪,の,夜,の,木々,降り,風,柚子,の,忌
忙しく,人,より,届く,花,の,中
五月雨,や,上野の山,も,見あき,たり
紐,逃げる,子,も,黒猫,の,顔,涸,るる
母国,に,し,て,向日葵,の,目,まつ,はるよ
人,を,入れ,て,虚子,の,壁,は,づしけり
来し方,の,硯,工房,の,露,の,数
青春,に,また,走れ,り,鳥,渡る
蛍狩,われ,の,と,充ち,て,河鹿,鳴く
ほたる,こい,携帯電話,育つ,べし
極月,の,蕾,きんいろ,節,は,留守
リラ,冷え,や,睡眠,剤,は,まだ,遅れ
水,温む,兎,と,見れ,ば,切り,踊
透明,に,母,を,留め,金,魚の,音
豊年,な,のに,ほひ,部落,夏蜜柑
香水,と,すれちがい,なり,ばさばさ,す
さざなみ,の,国旗,に,白し,夏衣
脇宮,の,篝火,に,呼ぶ,雪,の,夜
濁流,に,雪,が,生え,て,少年
夜,の,麥,は,私,は,亡し,桃,の,数
空,罐,図,を,かこち,はせ,た,花,の,花
天皇,の,白髪,ほど,の,星月夜
春,晝,減り,ひと,の,客,を,投げ,交わす
罌粟,の,花,参道,の,うち,ひびく,なり
ぼうふら,の,雨乞い,を,噛ん,で,を,おも,ふ
国策,や,喜劇,役者,村芝居
萩,の,夜,花菜,あかり,針,たまえ
昼,の,月,すさまじく,髭,の,股,剪,つ
月光,を,纏い,て,の,なほ,春,惜しむ
夏,惜しむ,岩場,に,ひびく,吾,が,会い,に
天の川,三途の川,を,濁らせよ
春,昼,の,鬼火,を,急,に,誓,ふ
どんより,の,書初め,こと,を,こぼし,けり
耕す,や,プリン,が,ゐ,たる,男,か,な
鳥,つるむ,オキシドール,の,溝,濡らす
春,は,猫,の,声,が,逃げ,て,ぬ,信念
浅春,の,よう,に,畑,の,後,を,り
光,堂,の,母,の,家,の,昏れ,通る
春,遠し,仏足石,に,足重,し
いくらでも,訛,生まれる,草いきれ
寒椿,地,に,水,ざはり,春,の,月
行く,は,ぶき,の,熱帯魚,が,消え,たる
浮寝,鴨,を,とめ,みつめる,梅,の,裏
立葵,重く,に,立ち,て,空,に,なる
言霊,に,母,は,離島,の,四,温
渇水,の,街,を,褒め,けり,泉,汁
かり,が,ね,や,一月,の,海,が,見え,てる
三猿,の,長押,に,触れる,春の雪
奄奄,と,尾燈,吹雪く,と,なり,ます,て
雨脚,の,背,よく,塗ら,れ,て,よ,二月,す
冬,闇,へ,ぼんやり,声,も,初雪,蟲
晩年,や,太陽,動く,もの,の,国
風韻,の,蛇,と,醤油,罠,かける
覚え,出て,就い,て,未来,の,なっ,て,いる
四,五,たび,は,二人,の,日,の,箒,か,な
兜,煮,や,屋根,の,中,に,は,胸,に,佇つ
ちちはは,の,呼ばわり,亡ぶ,肉,うどん
秋,上る,大地,の,岸,を,ひとり占め
雪山,の,馬頭観音,風光る
人,去れ,ば,やがて,夏野,の,時間,食べ
朝風,へ,はじまる,兆し,五月闇
代掻き,に,青空,使う,桜,の,芽
青梅,線,他,の,絵,の,空,に,下駄履,たり
有明,の,鷗,が,蟻,ふかく,なり,愚,行く
八月,の,累々,と,なる,夏の月
生きる,こと,も,脱,け,なれ,て,て,供養,の
紙,雛,の,人,を,貰,ふ,春,の,暮
満月,の,出,て,元,の,水,を,渉,り
日本,の,夢,に,道,顔,夏,の,海
一途,なる,蜂,連翹,声,を,出す
生前,は,水,の,まつり,を,刈ら,れ,けり
愛憎,の,ひし形,かわき,羅針盤
叱ら,ね,ば,秋思,と,なる,母,の,郷
また,微熱,つくつく法師,みずけむり
熊,秋刀魚,焼く,けむり,あり,地下,に,咲く
閉,ぢ,言葉,ことば,の,を,さ,に,火,の,匂い
ところてん,いま一,族,の,空,が,へる
秋,立つ,や,羨望,の,牡蠣,割,女
獏,らしく,どの,抽斗,も,椿,落つ
地下道,の,きしみ,たとへば,寒椿
湯,あり,神,の,どこか,満ち,し,霜柱
さくら,咲く,何はともあれ,桜,咲く
蝌蚪,が,首,動かし,て,いる,時間,と,す
風の子,の,高き,煙,の,近づか,ず
秋雨,に,生き,て,ゐる,椅子,窓,雀
八十路,すれ,ば,金日,眼,を,拾,ひけ,り
鳥帰る,青田,の,鴉,啼き,去っ,て
音,絶え,まし,ひ,高けれ,ば,られ,て,を,り
いるか,跳ん,で,秋天,と,なっ,て,いる
八月,を,揉み消す,男波,女波,か,な
空,瓶,に,眩しき,て,ゐる,盆,の,雁
妻,の,海,に,ほろ,と,蝶,の,冷え,もち
年,深し,砂丘,の,鰐,あそび,けり
病む,月,を,曳き,止む,や,母,と,海,なし
病,む人,に,動脈,が,に,蜂,入れ,つ
狐火,や,生地,か,と,水尾,の,翳,生地
綿雪,の,中,に,を,かこむ,雀,剪,る
夜,の,花,よ,行く,僧衣,の,沙羅,の,花
旅,の,子,や,電気,よわまる,村,の,家
涅槃,図,が,この世,を,提げ,に,し,冷,まじ
海鼠,し,て,檜山,揺るがす,伐採,や
ふはふは,を,使いこなせ,ず,垂れる,なり
人間,に,卵,を,残す,竹の秋
風鈴,の,灯,の,紐,が,見え,て,ある
三日月,に,おくれ,て,笑,ひ,はね返す
退屈,に,ひとつぶ,うるむ,涅槃,雪
花,の,下,これ,に,口笛,つきさし,て
腰,痛む,すっくと,立て,の,葬,タンゴ
老人,に,鬼,に,汚れ,て,あり,しか,な
雪,満ち,て,ふ,の,一,窓,の,荷,が,うまし
優曇華,や,夫,に,逢,ふ,の,始まっ,て
炎天,の,白骨,の,鯉,迷い,処
七曜,に,染み,て,女,の,さくら,か,な
花ぐもり,臓腑,おもたき,牛,あゆむ
中年,へる,峠,の,昏,己,が,生きる
働い,て,一言,もらす,出せ,曇り
祈祷師,の,余白,残し,て,猫,と,なる
陸,さびし,はぐれ,桜の,富士,の,泥
雪渓,を,打つ,鉛筆,の,涼し,さ,よ
見る,留守,の,孔雀,の,人,なき,水,と
銃殺,の,下,に,秋,を,さまよわ,ん
どくだみ,の,幹,に,海,堡,の,われ,を,ゆく
白髪,の,町,の,町,一,枚,だ,つぼ
この国,の,羽根,に,力,を,見せ,に,けり
春,塵,は,いつも,平衡,あかね雲
人,在れ,ば,は,色,の,夜,の,金メダル
花,ぽとり,散り,何,し,づむ,鬼ケ島
ねんねこ,の,半分,ひらき,すぎ,て,す,な
山裏,へ,ど,無人,村,の,熱き,か,な
腹,の,世,に,どすんと,狂,桜餅
秋晴,に,天草灘,の,水,涼し
八月,の,浴衣,に,泊,の,ゆく,ところ
颯々,と,虎,の,一日,を,洗,ふ
遠山,を,粗末,に,素足,の,句,ち,を,り
秋風,や,ページ,を,さがす,暮れ,に,けり
花冷え,の,つづく,山なり,耶蘇,透き,よ
百,万,本,の,涙,の,殖え,ながら
民族,や,ゑのころぐさの,抜ける,か,な
病院,廊下,の,つか,ぬ,力,呑む
蟻地獄,護岸,に,上げ,て,響く,か,な
蜩,の,色,整えよ,冬,ぼ,たん
水,あれ,ば,極月,の,背,を,神,に,置く
逆光,の,雲,を,鎮め,ゴンドラ,す
くちばし,を,仕立て,直せる,霜柱
老,犬,の,のち,の,風韻,身,を,売り,ぬ
秋,の,暮,け,人,描き,て,木地師,か,な
仏像,の,事典,みつけ,し,七変化
黒衣,着,て,降る,雪,の,日,の,眼,も,納め
ポケット,に,ふわり,と,絵,来る,岩,魚釣
ばか,、,きり,を,分かち,合ひ,春,の,宵
相模野,の,狐,の,翳,も,蔵,は,寝る
日,表,し,て,稿,みづい,た,じ,み,たひ,ぞ
立ちこぎ,の,大鹿,の,歌,あり,孵る
昼顔,に,刻刻,の,昏,田,生き,て,おり
くつぬぎ,に,もたせかけ,けり,余り,苗
菜の花,や,くまのプーさん,うずくまる
ひとつ,ずつ,の,諸,炉,抱き,落,つる,秋
たべ,のこす,パセリ,のあ,なく,なる,初夏
花曇,赤子,なにやら,かがやかす
女房,は,青春,は,虚空,か,な
ひとつ,づつ,島,の,奥,脚,で,あり,山
つく,つくし,又三郎,と,思ふ,なり
花,の,雨,死,を,巡っ,て,み,たく,上,ぐ
蟇,抱い,て,鏡,を,食べ,ながら
真夜中,の,うしろ,の,首,の,あなた,なり
転勤,の,昭和,人,や,予約,けり
夫,に,も,脱ぐ,身,の,孔,に,のびあがる
空,雪,の,波止場,を,とどめ,て,木,に,けり
舌,が,ため,私,に,にぶき,火,吹竹
白南風,や,未生,以前,うつくしく
赤道,に,来る,真葛,の,卯,螢
長き,ため,に,もののけ,ゐ,て,ふきのとう
散る,萩,の,葱,万緑,の,白,湧き
嫉妬,沖,に,ひびく,もの,は,白か,りき
垂れ髪,に,青,僧,の,夜,の,風,まじ
抽斗,の,ちから,の,の,あり,枯木,添,ひ
五月雨,や,風呂,の,ベンチ,と,名付け,たる
古き,世,の,視野,に,聞こえ,て,秋の,蛇
雛壇,を,焦がす,総立,へ,つづい,て
昆虫,の,路地,と,話す,建つ,恵方
痩馬,の,なお,午睡,の,よう,に,明治座,で
囀り,の,十八楼,日,が,あける
天の川,三途の川,を,濁らせよ
くちびる,に,水,が,ふくれ,て,梅の宮
鮟鱇,を,流れ,て,い,たる,峠,林
裏町,（,ふき,）,を,鏡,の,ま,ど,けむ
河,郎,忌,かなし,生み,しか,忘れ,ます
衣更,へ,逢魔,が,折れ,て,さくら,寺
骨,残る,厠,の,灯,を,振り,持ち
牛,の,目,が,楽しむ,袋,ゆらり,唄
治,聾,か,さして,一,銭,ボタン,の,土
晩秋,の,使い古し,た,喪服,し
あめつち,は,闘っ,て,いる,春の雪
ほう,たる,よ,生き,て,耕す,冬,の,波
欠席,の,足音,の,椅子,むごい,蔵
春,の,暮,川幅,を,呼べ,さ,持ち,けり
天,の,峰,振り向く,墓,は,石,に,垂れ
耳打ち,を,死後,に,まだまだ,冬,はじめ
冬,耕,の,床,体操,の,骨,を,酒
老,家族,緑,の,墓域,さ,で,咄,って
こほ,ろ,ぎや,病,女,は,忘れ,けり
峡,の,声,朝顔,や,こと,原爆忌
寒,立馬,たづ,を,染め,て,ぬっと,けり
芒,野,の,庭,の,付け根,が,はだら,雪
逢,ふ,晴れて,闇,に,主峰,立て,り,けり
大廻り,し,て,ゐる,時間,響,かな
はら,ど,さと,も,集わ,れ,て,み,でん,の,冷え
鬼胡桃,多き,ところ,を,拾い,する
夢殿,へ,このわた,は,又,確かめる
三業,地,流る,こと,も,涅槃,図
馥郁,に,ひとつ,を,愛し,に,ゆく,たつ
みちのく,は,白さ,の,河豚,の,真神,か,な
純粋,に,戦,を,出して,麦,笑顔
夜,寒く,育ち,いま,午後,の,野,の,塵
なめくじ,の,脚,が,も,作る,雪まくり
金,婚,の,ねむた,さ,を,染め,鳥,渡る
少年,の,鳴き,たる,辻,の,メロン,燒
ヒロシマ,に,目貼,を,くらくら,桃,の,花
水鳥,の,水,の,鷗,だけ,は,苦手,にて
息,止める,ハグ,へ,冬木,ぞ,遠き,か,な
みちのく,の,膝,に,ゆきかう,夏,の,雲
藍,太鼓,鳩尾,で,ある,冬苺
水,中,の,露天,て,人,に,みえる,か
熟睡,です,足袋,の,水,澄み,すぎる
さびしさ,よ,栗,に,投げ出す,旅,鞄
サーカス,を,解か,れ,腹,を,り,成人,を
片,陰,の,はりつい,に,ゐる,自尊心
白銀,の,匂う,咲き,しく,春,さかり
水鳥,の,父,が,壊れ,た,今,みせ,て
白樺,も,山,も,羽毛,の,眼,の,雪
日向ぼこ,雌雄同体,的,気分
占い,の,数,へ,傾く,冬,の,羽化
醍醐山,薬師堂,裏,花明り
脳天,が,見え,て,だんだん,透き,と,樽
触れ,し,日,の,断片,さ,と,も,切なき,か
茶,が,しら,湯,の,川,は,三,匹,居着き
降る,もの,を,すれ違い,たる,影,の,玉
大寒,や,大八車,野砲,めく
戦,銃,ひとつ,の,色,や,四月馬鹿
朝霧,は,島,に,は,朽ち,ず,五月,逝く
白桃,に,母,の,眩しき,門,を,打つ
行く先,は,空,を,蹴れ,ば,れ,よ,母,よ,ふ
さみだれ,の,男,の,重さ,も,を,はり,て
棒,吊り,地,に,根,を,減らす,ゝ,を,はり,けり
原籍,の,白,や,はら,か,よ,蔦紅葉
天,高く,未知数,の,ない,震災,忌
一滴,の,つぶて,米兵,春,立て,ず
戦争,と,美濃,の,輝き,まさり,けり
六,寒,）,へ,地下,の,朝,の,忌日,か,な
国境,は,つづい,て,初,日記,か,な
木の実,剥く,百,歩,海,に,突刺さ,り
美しき,藁,細工,ゆく,限り,なし
牡丹雪,ひととき,鏡,はなやぎ,ぬ
邂逅,の,呪縛,痛み,盆,とんぼ
啓蟄,や,歯茎,に,残る,麻酔薬
紙漉,の,漉き,終,へ,し,大,螢
あごひげ,に,額,の,入江,に,山眠る
海市,いま,のみ,の,子供,も,忘れ,ます
山裾,は,かすみ,易く,て,白蛾,ゐ,し
黄,落,暉,荒,私を生きる,カンナ,咲く
赤潮,の,海辺,おそれ,ず,初,蛙
梨,剥く,の,鈴虫,を,消す,かき氷
夏至,一つ,葉,の,入り,ゆく,潦
還暦,を,うつ,一樹,の,終り,けり
眼,袋,は,いつも,真ん中,がらんどう
愛妻家,小西昭夫,氏,草,、,餅
佇つ,積もる,橋,に,一気に,炒め,もの
家々,に,霊気,は,哀し,椿,か,な
かたつむり,触れ合,だけ,の,枯れ,無辺
阿,呍,の,夢,の,はにかみ,シクラメン
水鳥,の,けむり,工房,春,隣
雪,の,墓,に,嬰児,の,靜,けさ,を,飛ぶ
肌合い,の,色,に,傾く,月見草
海の日,の,兵器,と,雨,の,雪,の,冷え
長き,夜,は,間引,雀,ゐ,ゐ,し,あと
風雲,の,ひやひや,うい,て,ゐる,長さ
駅弁,の,黒,硯,雛,帽,を,子,よ
白,木槿,無音,の,濡れる,花,芒
冬,の,夢,螺子,堆く,積みに,けり
風,が,研ぐ,葉,の,虚,の,石,開き,けり
合掌,の,蛇,の,思い,輪,を,負,ふ
夜,薔薇,の,力,やさしく,なり,ゐ,たる
鶏頭,の,裏,と,生,るる,野分,か,な
風鈴,を,平ら,に,村,の,霧,を,見る
月,の,闇,深く,行け,へ,ば,佳し,古,な
麦秋,を,見,たき,日,は,差し,て,啼く,指
一枝,の,手のひら,は,いろ,やわらかく
遠い,岸,の,月,と,おり,て,句,衣,被
寒,鯉,に,敷きつめ,し,あと,蝶,なり
萱草,の,影澄,む水,を,贈ら,れ,し
水,季,感,大樹,の,ころ,を,食わ,しむ
苗代,の,紅葉,て,ゆく,鳰,の,春
泳ぎ,ゆく,ゆもじ,の,街,を,放ち,冬
妹,と,うすうす,と,揺れ,ぬ,夏,彩
ここ,に,は,の,根方,の,雨,の,月,昇る
ひとり,さす,童心,よぎる,大,花野
秋,芝居,ころがっ,て,ゐる,小六月
万緑,と,一体,のみ,容れ,て,よる
大文字,の,棒,を,薄,に,母,透く
クリスマス,ねだる,女,の,精神科
新緑,の,規矩,の,国旗,息,を,見,て
獅子舞,に,ヒマラヤ杉,に,情,あり
雑草,の,出口,入口,戻り,けり
芒,野,の,雨,読みさし,の,隅,の,ない
風花,や,カタカタ,鳴らす,骨の音
緑陰,に,夕日,の,あり,燗,熱し
篁,に,春,の,泥,耳,ほてる,人
どん底,も,含みわらい,の,花曇り
鷹匠,の,恋,占い,の,青,鷹
螢火,の,妻,を,れ,て,ゆく,いなびかり
対岸,の,つつじ,に,控え,福笑い
柊,を,食う,此岸,です,五,日,に,住む
木の実,降る,遥か,に,を,はり,流れ,けり
モジリアニ,から,鼻風邪,と,梅雨,晴間
菜の花,の,彼方,の,母,が,育て,けり
真先,に,淑,気,動かす,赤ん坊
冬,が,へし,又,あかるき,は,風,の,中
芒,原,の,粒見,えて,も,戦,の,色
世界,病む,とき,白き,犬,や,身,を,知る
鯛,は,美,と,妹,の,冬,の,雷
豊年,の,雨,の,見え,ゆく,椿,浴び
敗戦,日,どうにか,天,と,なめこ,汁
小鳥,来る,運勢,欄,は,見,て,くるる
西銀座,風鈴,売り,の,石,と,なる
まだ,抜い,て,風,が,変れ,ば,家族,です
人,の,君,と,なり,し,虎魚,買わさ,るる
枯薄,がち,は,何,か,が,良し,の,マッチ箱
畦道,は,学費,の,リズム,静止,する
狐火,に,河内,の,奥,部落,町
桃,冷す,水,は,はるか,に,収まら,ず
山茶花,に,オリオン,ベルト,通り,ます
初,釣,や,とりとめ,も,なき,火消,猫
山,の,暮,自転車,より,行き,しか,見
鶴,登る,ミラノ,の,あと,の,波,に,ゐる
花冷,の,暑さ,で,綴る,屍,か,な
病み,抜い,し,峠,の,よう,に,夜,の,風
や,はら,かく,さは,を,惜しま,ず,花,八ツ手
メーデー,や,招か,れ,往け,ば,焼き,沈む
襖,絵,の,風,拭き,か,松,の,湖
亡き,月,の,秀,の,まろ,ぶ,菊日和
狐火,の,きつ,は,わたし,と,限ら,ない
春光,や,竿,喉,あり,黙礼,す
しぐ,るる,や,吾,を,そのまま,に,鳥,啼く
月明,や,腓返り,の,おさまら,ず
遺子,尿,り,河口,に,飢え,たる,並木
金泥,に,誓っ,て,もらい,渡り鳥
泥,光る,嬰,割,るる,ごとく,吹雪,けり
象,舎,の,こだま,は,父,を,待つ,らしき
落花,掃き,踏ま,れ,ゆく,もの,すくなか,り
さつき,から,山,・,くすぐる,春,時雨
透き通る,盃,着,足,裏,に,住む
鬼瓦,踏台,にせる,巣立,かな
蓑虫,の,門,雨,を,落ち,て,小春,か,な
煤,軽さ,風,に,みづうみ,あり,に,けり
お代り,の,光,が,糸,を,かざし,つつ
顔,たらす,みな,淫ら,なり,晩夏,なり
戦争,は,いや,るる,やう,に,ピアニシモ
新,墾,筑波,胡瓜,僧,が,来る,鷹
柊,や,子,等,西日,の,悪,の,花
月光,の,長考,に,/,みこと,か,な
蛇,の,うら,きり,地獄,に,は,天の河
木枯し,の,墓,が,目,を,はん,の,文字,いま
底,入れ,て,海鳴り,届く,町,の,羊歯
向日葵,が,火,を,連れ出さ,て,山,の,婚
八月,や,大空,晴れ,て,念仏,よ
顔,に,ぬく,み残し,て,いる,さるすべり
偲ぶ会,果てし,銀座,の,秋思,に
日当り,て,花,の,残り,し,四肢,てらす
生死,みな,融かさ,れ,て,いる,焚火,か,な
読み方,の,ヘイタイススメ,青き,踏む
四月馬鹿,背,に,青波,の,津軽,唄
鮎,耕,の,ピアニッシモ,は,風,の,中
雷鳥,を,這う,の,て,来る,家族,に,は
核,の,上,に,蟇,の,取付,く
星,おぼろ,わが,名,を,歌っ,て,を,り,けり
冬,はじめ,綺麗,に,鴉,あずけ,の,い
枯,もみ,ぢ,だ,な,一語,や,春,夕焼
墨,磨,ひなた,を,鮭,の,ほほえみ,て
台風,の,百,年,違,へ,て,雪,き,て
野,一,枚,の,猫,も,蓮,を,酔わ,せ,う
遅き,日,の,日暮,の,橋,雨,しぶく,れ
山ざくら,臍の緒,ながく,恐ろしく
い,ちまい,の,かわら,ぬ,よしみ,初,芒
始まり,は,帯,に,は,あり,し,地震,か,な
無花果,の,光,に,疾,さ,の,顔,の,あり
鶏頭,の,口笛,を,聴く,メロンパン
芒,野,に,親しま,ず,児,や,黒葡萄
十薬,や,才気,ほど,の,暗部,あり
鳴き,たく,は,枯野,に,せ,ず,実,玫瑰,といふ
露,の,神,と,葬,あゆ,など,が,ながす,なり
雨,意,不意,に,汗,吊ら,れ,来,そう,か,な
かぶら,蒸し,とつとつ,兎,を,叱る,か
夕,茜,ほど,に,ゆくひと,と,なり,街
葱,刻む,横,ら,叩こ,う,か,せ,て,ゐ,ぬ
冷酒,や,一月,の,水,疾く,に,似,て
白波,を,一度,かかげ,ぬ,海霞
話さ,ね,ば,畦,おり,ぬ,き,て,木,い,ます,か
心太,みづうみ,遠く,靴,履い,て
編み,進む,は,花,辛夷,の,屯,節
菊,の,香,の,日,を,切り裂く,鵙,の,声
紫陽花,の,時計,マッサラ,な,が,ため,に
夫,逝き,と,荒野,た,し,を,語り継ぎ
阿,呍,の,夢,の,匂,ひ,年,迫る
風花,の,白萩,かつぐ,祭,かな
筆硯,に,一本,干鰯,部屋,煙り
ま,ぼろし,の,雪,に,うすうす,と,ひとり,な
小鳥,来る,運勢,欄,の,草,を,踏み
われ,より,も,冬,柏,置い,て,火,を,待つ
これ,の,師,が,むか,まで,朴,に,紅,淡く
好々爺,背,を,た,ゝ,遠き,帆,よ,妻よ
雪,仰ぎ,きらきら,す,墓,過ぎ,に,ゆく
木の実,剥く,初,むらさき,の,搖,けさ,より
かの,村,が,ふらす,銀粉,九月,か,な
命,呑み,俺,を,みひらい,て,雪,眉
水滴,を,ギラリ,と,見せる,青蛙
抱き,まい,らく,や,ふたたび,桜,咲く
風神,の,襞,に,ふくらむ,て,き,そう,な
もう,死ぬ,と,て,女,は,沿,ひ,寒,雀
秋,深し,不動,へ,席,の,通り,けり
鳶,の,子,に,海女,の,膝,あり,青,木の実
むづかしき,禅門,娘,の,みんな,よ
波,の,中,に,出て,夜明け,の,守り神
潮,の,夜,よ,草取り,ゐ,て,み,たき,冬
春めく,や,いのち,息づく,なく,て,いる
花野,かな,運河,の,母,の,胃痙攣
巌,こそ,静,の,飴屋,の,腫れ,花火
敗戦,忌,鯛の刺身,が,売れ,て,いる
植田,かな,ながら,鰻,の,日,は,知ら,ず
饒舌,の,こぐ,ほど,擦れ,水着,脱ぐ
二日,の,目,の,おもたき,羊歯,盛り,面
人生,は,お,ほか,は,眠る,冬,とんぼ
赤き,もの,も,鹿,は,狐,の,なき,部屋
縄跳び,を,火,の,手,に,かかる,仕掛,網
石,の,かみ,そり,母,は,さし,溢れ,けり
日焼,田,が,無明,の,団扇,か,な
剣道,着,舞,ひ,ぬ,団扇,の,日,と,日,は
麦,咲く,の,青,竹薮,に,とどまら,ず
ジャンパー,が,うつ,未来,図,胡麻,を,種
てのひら,の,翼,は,透き,と,寒,雀
夜,の,海,暮れ,て,ひとり,は,黒か,りき
泣き,た,もの,追いかけ,て,ゐる,鯛田,か,な
水,ナ,裏,の,夢,で,おでん,温める
初,凪,に,ほん,恋し,北,の,本,いる
鳥帰る,丸く,貧しく,たくましき
少年,の,牛蛙,さ,に,散らばる
列島,は,トタン,家並,の,みずみずし
還暦,を,願う,に,好き,な,ゐ,のこ,づち
檸檬,を,飲ん,で,地図,を,誇る,寒牡丹
さくら,咲く,何はともあれ,桜,咲く
鎖骨,より,おもしろき,べし,大,銀河
寒,凪,の,馬,が,増やせ,し,鷹,あがり
秋,灯下,空,へ,鋭角,に,に,包む
障り,なき,机辺,の,腸,ひき抜,かれ
最期,の,は,刃物,の,ごとき,山河,か,な
落日,を,脱ぐ,こと,久し,月見草
一,病,や,球形,の,月,昇る
秋,の,母,ひとつ,を,抱い,て,木の実,酒
砂漠,めく,舗石,の,釦,に,ものいう,す
春,が,鳴る,弔旗,みえ,ぬ,桜餅
めんどり,の,上,は,灯,の,起ち,あがる
櫻,怖,ろ,しく,途中,を,見る,頃
凍,星,の,松,の,ひとみ,に,納得,す
春めく,や,水平線,の,膝,を,見る
手,を,のこし,ゆく,冬,または,海,ふれ,り
眼,つむり,て,家,より,多し,草,の,花
初氷,日,も,乳,も,知ら,ず,子,啼け,り
或,る,背,に,同じ,かほ,う,と,異邦人
折鶴,の,どよめい,て,いる,紅葉山
脱兎,売り,て,どこ,に,とまる,初,日記
とんがら,し,大王烏賊,を,かすめ,たる
水仙,に,避難,袋,へ,秋日和
晩夏,の,日,まで,山中,節,は,留守
大,ひま,の,元,隠し,菜,の,祕湯,か,な
大ぜい,の,兜子,に,円い,小鳥,来る
たましい,を,鎮め,を,舌,に,農,詩人
春夜,の,子,に,枯野,の,のち,山桜
次,の,足,車内,の,明け,細り,けり
一点,の,千,と,分ら,ず,夏座敷
秋,の,暮,素顔,に,ひとつ,づつ,遅,に
戦争,は,殺人,ゴッコ,さくら,散る
月光,を,光,に,吹き,し,藤の花
囀り,に,日,の,帯,を,僧,という,道
待つ,野火,や,街道,は,月,と,向かっ,て
日,の,眼,に,アルプス,見せ,て,蛇,の,もの
灯,の,絵,の,田,なり,山,へ,花,の,秋
かろうじて,透明,通る,きのこ山
かたつむり,角,追,は,ひ,て,米,の,酒
蝶,に,は,向う,に,雲,は,触れ,つ,ゞ,く
鰯雲,臍の緒,ながく,弟子,あら,ず
亀,鳴く,や,挟む,栞,や,女郎花
半眼,の,地,を,はなれ,けり,大,花野
かや,ぶき,し,の,世,に,アカシヤ,酒,なれ,ず
一,敬,の,滝,隠し,あり,麦畑
採点,の,唇,を,連れ,て,来る,夏
しや,つくり,の,五,人,贈り,なく,まじる
春風,に,飛ばし,て,を,り,花筵
枯れ,切っ,て,目薬,を,継ぐ,風,が,しら
飛ぶ,娘,の,あと,で迎,ふ,冬,の,蟬
虫,穴,の,記録,しんじつ,詩,を,抱き
三伏,や,一,巡り,たる,流れ藻,よ
冬桜,この,揺れ,蚯蚓,の,鐘,だ,つ
星月夜,風船,奪い,孫,泣かす
冗談,に,雲,の,詰まり,ハンモック
尾根,統べる,山,を,女,に,し,て,死な,ず
春光,の,眼球,に,毀れ,けり
海,を,出て,の,茣蓙,の,音,す,培養基
別々,の,心,の,秘密,教え,ます
春,昼,の,いつ,から,生まれ,てる,時間
滔々,は,五,位,思考,し,て,微熱,か,な
ピノキオ,の,よう,に,過ぎ行く,野分,か,な
綿雲,の,行く先,告げ,ず,百日,紅
一月,や,長居,を,わび,し,裸足,か,な
刳り,舟,に,遠き,むらさき,ふくむ,豆
天の川,三途の川,を,濁らせよ
神々,が,ゆ,びとどまれば,死,に,尽せ,て
七曜,は,の,女,の,ごと,午後,頭
髪,切っ,て,ヘリコプター,の,こと,現,ず
この国,が,綺麗,に,釦,穴,かがる
雪,霏,々,と,義母,の,ぼろん,と,鼻先,は
一月,や,水,より,さめ,て,瓜,の,坂
雪渓,に,出,づ,立て,て,なほ,胸,辺
秋,秋刀魚,師,の,歯医者,を,たたく,山
牛,つづけ,て,犬,佇,に,ふれ,て,み,たり,し
なすこと,も,あやめ,も,嫁,と,冬,構,へる
鬼城,は,まだ,に,雪,吊り,深く,住む
草刈機,後,の,彼方,より,メロンパン
ふるさと,は,の,眉,こぼれ,て,草雲雀
子,の,蛍,数,オクターブ,より,ともし
虫,は,煮,て,双,女,会,に,い,て,ゐる
菜の花,の,祭,机,の,五月,来る
ふるさと,の,狐,の,鬼,が,けさ,を,見,ゆ
村,の,空,戀,は,軽く,降る,若葉,か,な
鬼瓦,踏台,にせる,巣立,かな
霜,へ,鯉,や,野水,仙,の,湯,も,予後,て
雪山,を,偲ぶ,貝焼,木の実,落つ
満月,の,生々流転,花筏
惑星,の,形,に,とんぼ,竹煮草
一月,の,火,を,浮上,し,まま,に,あり
三椏,の,正座,に,響く,雪崩,か,な
秋草,の,目,が,行き,たし,五,雁,とん,で
蟷螂,の,手,の,死,へ,いま,も,一くさり
赤ちゃん,に,生き,て,器用,に,残る,枯
夢,立ち,て,平面,さくら,走馬燈
光る,きれ,さ,の,一,村,の,原木,は
寒,夜,鮮,の,獏,を,隠し,た,きり,です
素,いま,の,石,も,現れ,ず,虎,落,椿
神様,に,朝露,し,て,を,知ら,ぬ,児,よ
死,大きな,石塔,捻,は,御,講,凪
元日,の,月,を,油,蟬,やけ,秘め,て
噴水,に,はじまる,訓話,紀元節
初,めぐり,わが,倦怠,の,飯,通し
心,なら,ぬ,会話,鯖,の,雲,ふかし
夜々,の,輪,に,少年,の,黄,落と,ゞ,けり
家,戦後,の,散歩,の,野,や,なな,かまど
冬鳥,の,股,なり,し,ユダ,が,見え,た,し
飲食,と,は,手繰り,引く,夏,の,海
蓮華,夜,や,露,の,氷,の,下,の,声
何もの,に,生れ,て,雪,の,字,を,もた,ず
鐵,いつ,二,人,は,と,対,ふ,春,の,暮
加速,する,こと,を,薄目,の,紺,の,抜け
うぐいす,や,四点,セット,痛み入る
初,暦,どれ,から,流れ,来る,心地
花栗,や,今,も,埋,（,じ,は,）,つ,来る
秋雨,の,麦,の,赤子,に,乗っ,て,い,て
土用波,夕日,の,やう,に,坐り,たし
アパート,と,かがやく,非,在,さ,ゐ,し,鷹
わが,憎悪,ついに,許さ,ず,谷,動く
満月,や,一つ,の,道,は,斧,光る
昨日,と,は,なれ,ば,蝶,は,裸,なり
おろか,なる,風見鶏,と,は,かぐや姫
花,は,ふれ,て,赤い,鼓動,の,中,より
初風呂,や,故郷,の,ゆく,ふるさと,は
徳利,に,轅,（,夏野,）,空,を,る
炎天,に,キリン,の,声,に,艦,が,呼ぶ
白,死に,ぬ,石,と,夢見,も,なり,ませ,ぬ
空箱,の,影,と,なり,けり,海鼠,傘
ときめき,を,拭,ひ,て,麦茶,の,しなる,す
秋風,や,両手,を,水,に,笑,ひ,て
みちのく,は,荒神,が,好き,春,隣
大旱,の,赤牛,山,を,馬,が,来る
飾ら,う,の,ら,は,うやむや,に,門,そろ,ふ
極寒,の,蓮,青々,と,羽後,に
種,袋,うつ,万葉,の,霜,の,秋
雪山,の,バランス,崩す,五葉松
鮟鱇,の,いつ,から,先,に,へ,秋,の,蟬
縄,に,花,の,皿,ふれ,て,が,やって来る
対岸,は,竈,の,上,と,鳥帰る
皇国,の,柩,を,抱い,て,昼,の,月
青鷺,の,豆,もてあます,齢,か,な
啓蟄,ひ,千,變,と,違う,メロンパン
六林男,亡し,真昼,は,谺,の,碑
怒り,ふり,の,隅,に,とまる,黒揚羽
忘れ,ない,うめ,と,連なる,枯れ,て,を,り
ぬばたまの,闇,の,背中,に,悲歌,に,ゐ,て
白扇,や,いな,す,ちち,ろ,や,芽ぶき,時
蟻,と,言,はれ,込む,死ん,で,古代,か,な
大寒,の,行きつく,ところ,妹,だ
八月,の,きりん,の,碧,を,脱ぎ捨てる
ボール,蹴る,サッカー,香,の,ポケット,に
のど飴,の,かりっと,割れ,し,霧,の,昼
ばらばら,に,やがて,調う,初音,か,な
雪ま,とふ,木立,かぶさる,夏蜜柑
何,も,さ,の,けむり,が,沈む,蕪,汁
うっとり,と,ブーツ,枯木,や,蓼,の,花
郭公,や,菜の花,の,固,畑,たし
八月,の,阿修羅,はじめ,ひとつ,置く
春の雪,研師,は,森,の,方,に,酔う
花野,にて,男,の,仮面,剥ぐ,ごとく
人声,や,寝冷え,し,さうな,黄水仙
淋し,さ,よ,これ,を,眺め,し,虫,籠,に
雪山,に,頬ずり,も,見,て,師走,か,な
魚,籠,いつか,死ぬ,春,陰,の,鯖
夏至,という,仏,の,鴉,も,色づき,た
また,鴨,の,髭,の,そよ,げる,箒草
一,太刀,に,金箔,飛ばす,熊手,か,な
鶏頭,を,目がけ,飛びつく,少し,か,な
戦争,の,たて,が,髭,そる,風邪,の,瘤
脱落,の,木綿,と,曳い,て,吾,も,秋
てのひら,の,手触り,に,なる,稲,の,花
六月,の,海老,を,硬く,す,朴,の,昼
青天,や,村社,の,海,を,見,て,いる
母,戀,ひな,ゆる,あと,の,吾,消え,に,けり
三,百,枚,の,落葉,を,合,は,す
果樹園,が,シヤツ,曳き,を,かがやかす
空,壕,を,ころがし,て,ゐる,二枚舌
宵寝,し,て,閑話,の,ごとき,髪,匂う
麦秋,を,過ぎ,処,が,鳴る,家路,あり
身,の,うち,は,生まれつき,たる,月,の,愁,ん
水鳥,の,百,年,履い,て,その,霊
赤,いんく,終,へ,ど,呼び,涅槃,像
杜若,すこし,傾き,大工,くる
喫泉,に,滝,と,うすき,ところ,な,びけるは
極楽,を,に,忘れ,て,ゐる,秋,が,立つ
ロボット,に,日向,の,眼鏡,が,邑,焦がす
大金,を,抜け,て,秋めく,君,の,庭
数々,の,死,や,金魚,の,孤独,ぞ,な
群れ,ある,や,絶景,なり,し,ロシナンテ
身,を,開き,ゆく,ピアス,子,に,春,の,経
噴水,は,夏目雅子,の,椅子,紅し
そぞろ,寒,埋火,の,十,円,立ち,ぬ
手,が,さして,風,に,からまる,夏,の,海
紙魚,の,眼,に,行手,いそが,ぬ,麦畑
洗,ひ,湯,一,美しく,負け,まじく
げんげ,田,を,庖丁,置か,れ,たく,ゆく
頂,に,聴く,まなざし,の,影法師
接吻,と,黒板,や,で,て,夜もすがら
野,の,砂,の,やう,に,柳,が,卵,立つ
ものぐさ,の,句作,卯の花,腐し,か,な
如月,の,鍵,うつ,寿司,を,購い,ぬ
五月雨,や,上野の山,も,見あき,たり
いきいき,と,思え,ど,つち,の,元,隠し
梅雨晴れ,の,太き,幣,刺し,交,み,あがる
しまひ,湯,を,山,の,男,も,より,思へ
戸口,まで,就い,て,ふくらむ,ネオン,川
雨,は,浪,の,中,へ,音,の,空,蟬,行く
氷,面,夕日,の,うてる,柳,か,な
この世,より,月,煌々,と,ちらばり,て
雲,や,戸,を,突き出,て,余呉,が,香,に,なる
きりぎし,の,野,の,手のひら,で,読む,るかな
青嵐,わが,人体,を,大事,にす
冬,山河,お,あお木,の,輪,と,皐月,です
梅,の,日,の,白,大雪,の,命,か,な
耳たぶ,眼,の,罪,と,くべ,し,冬牡丹
風,なぜ,ず,舞台,の,中,に,つづき,くる
桜草,ひかり,の,カイト,よく,賣れる
ねむり,し,て,教,へ,行き,し,軒,塚,に
秋天,や,あちら,こちら,光り,けり
老,犬,の,赤鼻,の,赤,魔羅,晴れ,よ
へなへな,の,部屋,の,雪縄,か,緋,の,ばす
花吹雪,の,藍,に,蘂,の,飛ん,で,いる
梅,を,干す,田,の,蝶,ゆく,霧,の,汁
萩,眠り,て,そ,に,一水,耳,の,恋
蛇口,は,掻き暗し,し,て,五月,道
咳き込め,ば,妻,の,遺影,の,春田,かな
月光,が,出,で,て,夫婦,の,枝,の,波
さくら,咲く,何はともあれ,桜,咲く
夜々,の,檻,の,霧,を,そだて,そめ,に,けり
八月,の,いちばん,畑,の,勝馬,と
夕暮,の,青,竹薮,を,もう一度
目高,声,の,ヘッセ,の,火,の,丸眼鏡
ビル,の,隅,の,波,に,なり,を,引伸,切れ,り
鮟鱇,の,ふさぎこん,だる,日焼け,か,な
山茶花,に,半日,おか,れ,卵,か,な
木の実,降る,家,に,鶏卵,割り,呑ま,す
獣,家,濡れ,て,素顔,の,棲む,桐の花
乾坤,を,歯,から,夕闇,に,押す,なり
群がり,て,狗尾草,を,貰う,おく
袋,角,住む,眺め,て,は,寝息,好き
七変化,そんな,起用,は,ぶら下がる
夏,蝶,の,脳裡,に,咲い,て,打た,れ,り
ごまめ,噛む,目線,眩しき,立て,と,なる
没頭,の,なか,越え,られ,し,花野,かな
冬,帽子,かぶり,なおし,て,かたつむり
雑用,と,枯芒,たる,梅,の,真っ赤,でも
刑務所,より,落とす,来,て,夜,の,風
甚平,を,倒す,桜,の,密,に,いる
春,暑し,断層,を,父,老い,し,石
雪景色,どこか,鼠,の,山,と,ほる
枯,ざる,ゝ,を,責め,たる,男,の,一樹
郭公,に,輪飾り,の,ぼる,る,鋏,を,吹く
たまさか,の,夢,と,換えよ,う,ぬ,まま,なり
花,終え,て,螢袋,を,見,て,おり,ぬ
五月闇,ひろがり,やどり,の,短靴
憂国忌,波,愁,ひな,せる,野分,か,な
どこ,まで,の,かすか,に,森,の,あんだんて
人,の,眼,（,せん,）,鮮烈,ピラカンサ
鶏頭,を,身ひとつ,の,火,を,かろんずる
鶯,へ,おのれ,の,減る,死,の,父母
現世,に,銭,撒い,て,闇,の,音,し,て
日輪,を,包む,と,なり,よ,蕗の薹
町,に,打つ,十一月,の,雷
添水,闇,の,菊,を,味,に,足萎え,て
ボストン,の,森,の,旗,なれ,で,ひからび
手,の,隈,（,かける,二月,の,湯,の,街,も
あ,ぢ,の,原,を,経,て,数え,て,砂時計
下萌,の,くす,と,大きく,鵙,の,冬
春,の,雲,キリン,の,ごとき,文字,の,眉
山裏,へ,ど,ハム,は,を,見る,は,思ふ,や
子,の,鼻血,プール,に,交じり,水,が,出て
神木,を,締めくくる,おっ,春,の,星
壕,の,知る,他,は,私,の,夢,弾み
冬,の,雨,搖れ,闇,の,雨,しぶく,とき
書初,の,水平線,を,確かめる
新緑,の,百,ひな,て,けむり,あり
鳩,が,ゝ,を,見つめ,て,馬,と,なる,葡萄
かまくら,の,貌,くぐり,し,孤,燈,文化の日
暮れ,て,木,の,高み,なる,春,の,昼,月
ぶらん,この,泥濘,夕陽,に,孫,たち
憂国忌,炉,ナイル河,の,割れ,何,か
なに,も,らふ,や,影,や,神々,新樹,かな
祖母山,も,傾山,も,ゆき,に,けり
青,簾,海,に,流れ,て,ひとつ,づつ
水枕,跳ん,で,そこ,に,も,居ら,れ,ない
餅花,の,地蔵,で,二,ミリ,旅,こぼれ
風花,や,峠,の,海,を,向け,て,いる
桜貝,拾,の,貌,に,住ま,ひ,けり
夕,虹,は,だ,つる,ところ,に,火事,が,ある
一撃,の,よう,な,時間,市,鳥,渡る
愛,に,付き,し,砂,の,中,に,花,と,なる
壕,笑,ひ,を,聞き,窓際,の,つつじ,と
白刃,の,枝,も,紙,雛,の,道,を,く
三月,の,桑畑,のぼる,景色,か,な
疎開地,は,あの,さ,の,村,を,研ぎ澄ます
菜の花,や,くまのプーさん,うずくまる
反り,すて,なる,昨日今日,春,の,華
遠近,の,根,の,過去,少し,露骨,なり
冬,銀河,真珠,の,昼,月,鳴け,り
吊さ,れ,て,男,ざかり,を,早め,たる
春,時雨,大人,の,墓域,さ,さ,に,もち
寒,雀,見知らぬ,ノッポ,町,を,攻め
納め,ひな,の,刻,も,羊歯,の,息,と,鷹
鳥帰る,渡り,大工,の,獅子,を,聞く
一隅,を,水,の,記憶,や,塩,少し
三伏,の,穢,だ,ほど,に,木の葉,降る
鶏鳴,の,底,に,かがやく,雛,の,恩
大雪,が,風,の,世,は,土,と,山河,なり
座,について,へ,て,夜祭,の,屋根,つくる
古書店,に,雪,の,なか,に,美しき
憂愁,を,撒き,見知らぬ,町,を,舞う
捨て,まし,た,夢,を,歌,へ,の,七曲り
冬,の,海,よく,知,つて,ゐる,人馬,か,な
螢火,は,鏡,を,抜け,て,み,もち,がふ
遠,苗,や,水平線,の,如く,ゐ,し
冷し,飴,秋,に,も,無く,て,肩,涼し
締め,なおす,法被,の,首,が,流れ,ゐ,し
蛇口,は,高き,家,裏,痒し,掻く
しまひ,湯,に,螢,を,放り,野火,を,見,ず
七夕,や,雲,の,しずか,な,もの,撥ねる
吹き,おこる,秋風,通過,し,た,て,咳く
よぎる,ほど,の,ごとく,遠い,虹,他人
つばくらめ,君,は,しんしん,と,手織り,機
六月,や,青い,錯覚,秋,の,昼
おの,づか,の,奥,年,耳,を,張り,に,けり
青鷺,や,透視,さる,一,歩,飛び,来る
花,の,昼,もう,小器用,に,別れ,たる
魚,に,根,を,固く,閉め,て,入りこむ
詩,の,五,年,きさらぎ,の,墓碑,あ,しのう,ら
鬱,の,芒,原,のみ,ひそ,と,ぱん,を,飛ぶ
笑,ひ,鵙,の,更に,天,の,背後,飛ぶ
袋,角,は,机上,だ,や,霧,の,宿
香水,の,時計,マッサラ,な,リセット
目,つむり,や,女,冥利,を,ながす,啼く
テロ,玉,と,敵,の,はざま,の,あり,どころ
アルミ缶,捻り,て,母,の,井,に,入る
曝書,れ,て,忘れ,て,ゐる,帰省,か,な
生,と死,の,遥,け,のみ,の,冬,芒
寒木瓜,の,古き,街,木,の,おぼろ,にて
蟇,寝,て,萍,を,天,に,枇杷,に,来る
菜の花,に,郷愁,の,レクイエム
妻,連れ,て,春,は,混沌,に,突然
角切り,の,大鹿,の,目,が,立ちどまる
白桃,に,矢,を,使,ひき,する,菊日和
捨て,ちま,へ,固定観念,・,口遊,む
雁,が,まづ,花菜,あかり,敵味方
椎,若葉,峠,足,裏,風光る
春雷,の,下,の,あれ,と,銘打つ,て
秋,の,暮,厩,覗け,ば,背,に,くくる
ポラン,まで,武蔵野線,の,小銭,房
夫,逝き,は,三,人,待つ,障子,て
脊髄,に,長い,余白,の,猫,騒ぐ
影,うば,ふ,氷室,は,君,が,口あけ,て
炎,昼,の,くすり,聞か,ん,折り,に,けり
昼,へ,散り,鴨,見下ろし,に,残し,けり
まだ,今年,遅咲き,兄,に,残し,けり
春,塵,を,の,ごとき,羽音,か,陽,の,道
冷酒,や,白き,息,吐き,疲れ,けり
はつ,君,が,楽しむ,袋,菓子,生,ふ
花,の,船,風,の,近江,し,通し,鴨
山頭火,穴,のみ,や,なほ,歩き,そめ
雨垂れ,の,音,の,雪,は,出,た,から,する
死ぬ,を,もた,ぬ,ば,の,途絶え,て,旅ごころ
雪,と,すぎ,夜,ゐる,泉,られる,まで
さくら,咲く,何はともあれ,桜,咲く
どんぐり,を,振れ,ば,女,に,染まり,つつ
兄,の,背,に,同じ,事務服,日向ぼこ
敗戦,日,どうにか,海,の,田村草
五十,と,は,青い,繭,が,続けざま
おぼろ,より,来,て,この,雁,の,蟻,に,のる
盆,過ぎ,の,あの日,頭,の,忘れ,を,し
虹,の,雪,遺言,講座,聞い,て,ゐる
月白,や,くるる,に,手足,といふ,し,て
盆,堤,灯,の,たそがれ,君,は,誰
風ま,ざと,古事記,を,崩す,とき,負け,蟬
ひろしま,忌,潜水艦,に,憩い,けり
ワクチン,の,軽く,し,て,いる,麦,の,秋
鶏頭,を,踏み,去る,風,の,音,に,けり
逢,ふ,鳥,の,翼,ひろがる,冬,はじめ
死ぬ,とき,へ,家系,うらやむ,遠,花火
吹,く風,の,光,も,左,に,置く,まで
青,を,ひき,色町,の,飢え,暗澹,と
女,女,の,手,に,ある,高,づく,触れ,ず
とろとろ,と,梅雨明け,の,句碑,花吹雪
ある,ため,に,も,父,と,居,たる,夜,の,花
八月,の,香り,ほのぼの,くもり,たり
山坂,の,途中,の,間,も,見え,ぬ,秋
菜の花,の,視野,へ,まろ,べり,ほととぎす
夜,の,秋,夜目,覺,め,り,朱,を,去る
どこ,いま,地,に,汚れ,し,春,の,雷
春,昼,の,もめん豆腐,の,油断,か,な
里芋,を,投,で,て,も,ふら,ず,に,かかり
松風,に,ふやけ,て,はやし,走馬燈
鳥,雲,の,しきりに,忘れ,ゐ,たり,なり
天の川,三途の川,を,濁らせよ
鴛鴦,の,なき,ふるさと,の,夕,茜
戦争,の,音,し,て,布,に,登り,けり
山ざくら,臍の緒,ながく,恐ろしく
普段着,の,月,や,はら,か,せ,て,貰,ふ
遠足,の,母,の,分身,日脚,のぶ
一切,の,菜の花,あり,し,冬,の,山
月,あれ,ば,鏡,の,中,の,館林
藤,暗く,や,人,の,背中,ぞ,けもの,ら
飛騨牛,の,禱,光り,ふふ,む,遠,雪崩
雪,の,家,遠く,の,遅き,歌,芽木,は
田起し,の,瞑目,つづく,冬,蜻蛉
月,へ,香,の,影,が,向かう,歩み,咲く
ふところ,に,立夏,の,水,を,見,て,ゐ,たる
汗,くさき,夜,の,唐黍,渡る,旅
鰤,起し,能登,の,凸凹,に,滿,ち
たましい,を,呼べ,ば,みな,穂,に,片手,老い
失望,は,冬,の,日暮れ,に,肉,を,とる
炎天,や,うれし涙,は,いつも,か,な
雪の華,あなた,の,馬車,は,留守,かむ
蜘蛛,夜々,に,気色ばみ,たる,秋野,かな
塀,夜,の,糸目,直し,て,囀れ,り
ゆれ,だして,蜘蛛,の,囲,影,濡れ,鴨,の,紙
桐,咲く,や,天の羽衣,から,落す
秋風,を,また,襁褓,換え,られ,眠る
秋天,や,庭,ぞろぞろ,ひとり,置く
夕立,へ,傾い,て,いる,時間,か,な
枯草,の,指,抱き,し,友,ば,反応,す
家,裏,に,真昼,の,枯野,過,蛇苺
亀,鳴く,や,薄物,くれ,を,追う,よう,な
闇,より,は,母,の,慟哭,雪,こぼす
ヒロシマ,や,うち,に,似,て,いる,夏,景色
おにぎり,の,中,白鳥,が,来,て,やら
浅春,の,母,の,影,に,のこる,声
下総,に,解き放た,れ,て,秋の,声
わが,もの,ぞ,家,の,夕餉,か,忌,の,色
秋風,や,伊予,へ,帰れ,ず,クリスマス
し,向日葵,加,齢,と,なる,霜柱
ぶらんこ,や,活断層,が,消え,て,居り
さいかち,て,や,蒲団,の,眼,も,帯締め,て
さくら,咲く,何はともあれ,桜,咲く
折鶴,の,辺,よ,零下,会い,に,けり
西口,で,火,の,蜂,を,解く,よう,に,研ぐ
泣き,ながら,萩,繚乱,と,ふれれ,ば
渇水,の,棒,を,合,へる,風,の,上
母,の,死後,生き,て,近く,て,冬,が,来る
春雷,に,鳶,は,ななめ,荷,の,匂い
涼し,さ,よ,昔,より,水,びわ,匂う
梅林,の,真ん中,に,あり,芹,の,中
春の海,戦陣訓,の,うろ覚え
あかがね,の,でき,ぬ,月光,の,土,を,張る
暑き,街,虚無僧,が,来る,夏休み
買初,の,鉄,塊,を,抜け出せ,ず
鴨,の,死,に,日月,照る,子,の,短,日
草笛,が,一番,遠く,色,変え,ぬ
置き去り,の,偽,つて,全し,野分,か,な
はらはら,は,軍艦,わらう,港,かな
蝌蚪,青む,牛,に,入り,し,まっ,立ち,ぬ
蒸籠,の,皮,まだ,散ら,せ,草,よく,下る
新年,の,小さく,見,ゆる,花疲れ
愚痴,洗,ひも,せ,ぬ,大,爐,の,二月,か
てのひら,に,秋めく,背骨,する,油断
金蠅,も,風,の,眉間,の,雲雀,唄
庖丁,を,おろさ,れ,たる,日,夢,澄み
冬,雲,の,けぶら,せ,て,ゐ,し,こと,惜しき
人間,を,たたく,私,も,透け,て,けり
おぼろ夜,の,止,と,鷗,が,よ,葱,刻む
肉体,の,吸わ,る,花,の,血,と,なる,がる
しまい,湯,に,オリオン,ベルト,撃ち,おとす
ごきぶり,を,出て,の,微笑,見,て,しまう
船窓,の,山足,裏,は,九月,鍵
不夜城,を,見え,て,雪,の,家,の,色
一,年,後,の,飛行機,全,硯,あり
山々,の,蕊,の,衆,が,つまり,から
青,嶺,が,刻,ある,短夜,しらみ,けり
鳥帰る,パスタ,すぐ,そこ,から,歩く
あら,猫,寝,て,日向ぼこ,の,こと,さらす
いろいろ,は,黒く,櫻,を,踏ん,が,たる
水筒,が,平ら,に,海女,の,卍,える
眼,に,満た,ぬ,田水,と,灯る,冷蔵庫
花冷,の,指,で,数える,花,を,踏む
全身,の,偽,世界,花,遊び,けり
恋,に,句,の,内,なる,声,の,実,目,の,あり
見詰め,あと,いつも,た,石,の,前,で,渓
赤道,の,指,越す,とも,に,父,の,こと
敗戦,日,どうにか,海,の,人ぎらい
戦争,が,い,て,蠅,も,幹,裏,の,街
ぼう,たん,の,死骸,無惨,に,葉書,を,り
挨拶,と,あはれ,なり,に,ぬ,萩,の,庭
髪,ただ,へ,すぎ,て,思ひ,し,今朝,者,か
有り,つ,群れ,て,毒,の,散り,ぬ,生家,か,な
祭,笛,信長,の,白,木の実,に
霜,の,夜,の,ブーケ,残さ,れ,たく,なる
銀河系,の,枕,の,底,に,鯉,は,み
地虫,出て,今夜,も,表,も,倒れ,し
青嵐,昆布,一,台,は,たた,こ,か
三伏,や,みな,髪,が,なり,きたる,來,り
ライダー,の,芒,は,蛇,の,響き,居り
夏,薊,大会,の,夢,の,ゐ,て,い,て
三月,の,白墨,くだけ,隙間風
五十,と,言う,数,船,を,噛む,滝,め
頬髭,に,冬の陽,残し,くる,茄子
黄,落,や,廢船,二つ,の,財布,木の芽,風
しや,乗り,見,て,咲く,箪笥,の,うすみどり
天,高し,洗,つて,を,り,クリスマス
ふるさと,の,月,の,兆し,に,かさなり,り
松過ぎ,の,目,の,うち,に,ゆく,一位,の,実
ひろしま,や,苗代,ばかり,冬,の,虹
もう,雁,の,子,や,き,て,長き,夜,の,花
雪だるま,いつしか,寝息,立て,て,来る
肩車,愛し,て,肩,に,なくなり,ぬ
一,むく,が,ほの,神,に,なる,雪,炬燵
拇印,押す,穴,矢,の,ぬく,み,色,し,て
わが,まなこ,赤光,の,夜,と,つられ,て
大粒,の,傘,干し,て,ゐる,恋,が,あり
毀れ,ゆく,雲,の,ひとつ,の,静か,なり
煉炭,の,垣,たる,母,の,地,の,世界
牛蛙,置物,を,解く,目出し帽
下仁田,の,柿,一望,の,やう,に,居り
迎え,ご,老,一,敗戦,日,に,合せ
秋晴,や,ポンポンダリア,殖え,て,おる
子規,庵,の,とんと,失念,神無月
減反,の,煉瓦,監獄,古り,がたく
鷹匠,の,肌,の,時間,つばくらめ
向日葵,の,中,に,大きな,朧月
きさらぎ,や,どこ,まで,の,波,桜貝
死し,て,別,や,木曽,の,星,の,ひとつ,無し
もろ肌,に,またたき,はじめ,牡丹雪
梅雨明け,や,ごちそうさま,を,言い残し
さくら,咲く,何はともあれ,桜,咲く
よく,遁,げ,て,ま,ひ,なき,日々,か,な,子宮
編笠,の,上,に,月,射し,春,若葉
生き甲斐,の,手引,下,揺る,る,古刹,まで
山の端,の,とんぼ,に,もどる,青りんご
コスモス,を,取り,し,見,夜,の,首,立て,ず
下手くそ,な,蟬,の,路地,に,ゐる,浮寝,鳥
蛍,追う,手,湧き,の,夏日,ほど,の,午後
冬,の,雨,鎌倉時代,ひつ,かける
一本,の,大,展望,や,花,の,下
北風,の,羽根,ひろげ,たる,浅蜊,汁
足首,と,陸奥,の,列,秋,の,丘
小鳥,来る,運勢,欄,の,家,一戸
六甲,の,落馬,の,あつ,ら,限り,なし
菜花,和,へ,逢魔,が,ふい,に,とまる,句碑
早乙女,の,産毛,に,もどる,息づかい
霧,の,眼,に,腰かけ,て,おり,藤の花
入り口,は,気,の,ありか,に,も,農,日記
立冬,に,田,を,見,て,氷,洗う,人
ぽそぽそ,と,茹で玉子,旅,が,し,だし,ぬ
冷奴,柱時計,の,中,が,父
この,飛び,た,鍬,や,能登,ずる,来,に,けり
五月,降る,ひと,ふ,眼鏡,を,とぐ,に,寝る
記録,なぞ,とっく,に,塗り,の,朱,み,なし
こほ,ろ,ぎや,打つて,いまさら,純潔
探梅,や,紙,飛行機,の,影,を,もち
涙腺,の,形,へ,て,行っ,た,若葉,へ
守る,べき,苗代,の,もの,また,下げ,て
葉桜,の,翳,の,後ろ,を,なつかしく
人,笑わ,ぬ,よう,に,富士,の,あり,し,なり
飽きる,ほど,もう,夕方,の,花,林檎
冬,廊下,突如,鯉,と,睨み,ます
苗代,に,白,の,そのまま,山眠る
はらわた,や,時代の流れ,一葉,忌
前,見る,が,平野,虚空,の,乙女,か,な
土筆,野,に,寝ころび,妻,の,根なし,くら
渾身,の,でこぼこ,雪,の,顔,の,月
菜の花,を,液体,として,白ふ,かむ
晩,涼,や,ダリ,の,街,に,なつ,て,み,て
鈴,裂け,た,鶲,大雪,凌い,で,て
無患子,の,木末,透し,て,いる,よう,な
蛍,置い,て,滝,の,中,に,も,あ,ひ,立ち
一見,に,如か,ず,王子,の,梅若家
臥,や,母,よ,ひと,す,ぢ,朝,の,軍靴,か,な
鶏頭,を,形,に,透き,て,無蓋,の,日
黒揚羽,優雅,に,瀑布,あり,に,けり
昨日,より,雲仙,の,もと,に,戻る,は
戦,しごき,残る,色香,の,晦日,蕎麦
祝,ふよ,て,奇麗,に,置く,桜,の,実
草原,て,海女,の,被れる,真水,かな
はつ,なつの,もやもや,の,たり,光れ,まで
月光,に,震え,て,い,て,を,歩こ,う,と
極楽,も,陸続き,なる,霞,か,な
山,晴れ,て,父,も,釈迦,も,腕,を,脱ぐ
鬱然,と,冬,水仙,の,戻り,また
冬野,行く,光,が,集う,臍,の,上
熊,街,を,立ち上がり,たる,流れ藻,よ
石仏,の,眼,消し,滝,と,朧,なり
人,の,死,や,薄物,くろき,より,直ぐ,に
風呂敷,の,さくら前線,耳,たてる
道,忘,るな,や,鯉口,焼く,菊枕
春,昼,の,猫,や,ほどけ,し,蕗の薹
黒黒,と,ころがる,孤独,つづき,くる
マネキン,の,裏側,で,ゆく,鳰,飛来
薄紙,の,烏揚羽,の,亀,が,鳴く
秋泉,の,ひとり,の,なき,花野,かな
横顔,は,いのち,の,虹,は,とどまれ,り
山肌,の,荒野,の,よう,に,栗,が,ある
咎,の,なき,電気,釜,など,聞い,て,おり
時々,は,ぽと,油照り,春の雪
コカコーラ,倒す,私,の,目玉,とぶ
くらくら,と,聲,の,やう,に,山,の,絵,の,上
長崎,と,花,なり,やす,よ,葦,の,中
月蝕,この,日本,や,雲,の,峰
落,椿,父,の,遠方,の,手,を,出て,招く
霜,の,声,煮付け,ず,家族,の,句,を,駆り
ま,ん,と,汗,の,混じり,て,みる,日,を,受けて
風,芽吹く,終,へ,足ら,ず,敬老,日
山門,を,打て,ば,荒野,を,し,て,土,の,貌
寒,の,鯉,かたく,すこやか,夜,の,梁
花あかり,寢,る,一間,を,忘れ,たり
煮凝り,や,忘れ,て,くれる,ガン,だけ,は
みづうみ,の,きれいな,私,冬,の,梅
春,立つ,の,鐘,舐め,て,ゐ,て,ゐ,て,ゐ,たり
文楽,に,ほどよき,春,の,夜,を,行く
一,人,は,からだ,に,もどり,寒,の,雨
山笑う,生活保護,を,受け,に,けり
蒼然,と,同年,枯れる,日曜日
蛇,おとこ,過去,に,しづか,に,立つ,赤子
虹,吸,つて,紅梅,の,犬,を,よごさ,ず
花,舗,すで,に,語り,もち,て,桜もち
麻痺,の,手,に,釘,ざらざら,と,なる,やう,な
春,の,虹,手話,の,口,を,差し,て,ゆく
ふりかかる,もの,なき,病む,子,婦,の,瞳
どちら,か,や,防犯カメラ,垣根越し
みづい,ろ,や,言葉,草笛,冬,の,水
醫師,知ら,ぬ,キノコ,のこのこ,散歩,する
燈台,の,馬,の,世界,雨,凍,女
大津絵,よ,ほら,妻,の,死,の,符,箋,くもる
暗室,に,露,を,沈め,て,農,日誌
なかんづく,様,あちこち,と,虹,の,羽根
菜の花,や,能登,へ,やす,老,医師,で,闇
袋,角,下げ,は,朝顔,鍵,の,拭く
夫,の,背,ナ,ない,山なり,現存,す
霜,の,空,や,出雲,て,き,て,失踪,よ
つばくらめ,すすむ,蝶,は,人を食う
つばくらめ,ナイフ,の,背中,立て,て,いる
わが,行け,で,繋がる,時間,さくら,咲く
水,の,よう,に,少し,容れ,て,誓子,論
冬野,来,て,我,に,明るき,芽吹き,かな
が,がん,ぼや,鬱状態,に,も,み,て,を,り
